kind,blue,red,game,seed,durationSeconds,duration,winner,kills,firstBloodSeconds,loserAlive,blueLineup_TOP_JG_MID_ADC_SUP,redLineup_TOP_JG_MID_ADC_SUP,blueBans,redBans,exclusionCount,bluePreferredPlan,redPreferredPlan,inputHash,outputHash,draftIdentity
fresh,GEN,T1,1,91008011,1930,32:10,RED,16,30,5,jayce / xin-zhao / ryze / varus / neeko,gnar / poppy / orianna / ezreal / bard,vi|jarvan-iv|nautilus|rell|alistar,camille|nocturne|wukong|anivia|ambessa,0,PICK_CONTROL,PICK_CONTROL,282bdb907ab8eb25fa21fb67e08db34fac7f9f65266e773658fa8fa7e82996a2,74a6bd53c4446b63d94b9b4e4f07d0fe4fe2e7d49082ede07c05474add81f1f2,173f514e73f00141d36d675ac46316c2404636e5dbfff4cbbe10692c07ed14af
fresh,GEN,T1,1,91008023,1460,24:20,BLUE,14,40,5,jayce / xin-zhao / cassiopeia / varus / neeko,gnar / poppy / orianna / ziggs / karma,vi|nautilus|jarvan-iv|wukong|rakan,camille|ambessa|nocturne|anivia|azir,0,PICK_CONTROL,POKE_SIEGE,c1a4ad5e25ccb51ca989989eb4cef552f954e5fa33d9ff0a7f33bcc129db0f4f,289fa0eb4f34f271c5f135a0f536ac07e0c6627cd2e30117549053c2a706e2bf,09ed180ec8f07b3edeefd931fa5e1ac7aebb64ab673254c4f0861b4ebe4ce392
fresh,GEN,T1,1,91008037,2230,37:10,RED,27,140,5,varus / naafiri / cassiopeia / ezreal / neeko,rumble / xin-zhao / orianna / ziggs / poppy,nautilus|vi|nocturne|shen|rakan,jarvan-iv|camille|azir|wukong|lee-sin,0,PICK_CONTROL,PICK_CONTROL,7c58c1b6ec50457563b7979dfc00af9f72a4361dc5b1a3d37fc782cd2000bc92,2b5529df750ab5d385f80ca62d778ca94edf99ad1d5ad22daeb99eb17b0d13b2,7343638ae281ec0927525ac2d8c17aa02e52c017f21e86a14880f1b1645bba82
fresh,GEN,T1,1,91008051,2410,40:10,RED,28,110,1,rumble / lee-sin / cassiopeia / varus / seraphine,poppy / nocturne / azir / ezreal / bard,vi|nautilus|jarvan-iv|gnar|ksante,camille|ambessa|wukong|orianna|leblanc,0,POKE_SIEGE,PICK_CONTROL,24dad081b440736904ec283c8f1b8fef989c386f7052d84c9c1c417086c2cf3c,67c25cab24655244e02efcd8f9153a74b153cd91069ea9bbab516bebfdf747fe,2a8db296769f514084ba8496aaeb609630da4bf599153befdf2bba802c9a7f9f
fresh,GEN,T1,1,91008067,1580,26:20,BLUE,20,40,3,jayce / xin-zhao / syndra / varus / neeko,gnar / poppy / orianna / ziggs / rell,vi|nautilus|nocturne|rakan|alistar,camille|ambessa|jarvan-iv|azir|anivia,0,PICK_CONTROL,PICK_CONTROL,8bd51f3ef12f57fe869b6df311d5cf763c32a02cce15420371742c3e3efc4781,18bcc0e91d11db3aa34a26b2f7a8621d9abe3c7ce2a71d97ca85251a2822adb5,b3782149d8b03870027877ef88166b70b62ab0c81efc6a8acfe88555e4792a2b
fresh,GEN,T1,1,91008081,1680,28:00,BLUE,12,240,5,jayce / xin-zhao / ryze / varus / neeko,gnar / poppy / orianna / ezreal / bard,nautilus|camille|nocturne|rakan|alistar,vi|jarvan-iv|ambessa|azir|anivia,0,PICK_CONTROL,PICK_CONTROL,df6ad0ae4c1839665a3d04959d62cf4879725a7c1937ed39c72f4039edbbc3b9,38e31a822cba6310d9e69e29514c2d5ec894fb7a188f053b2b143189aafc46ef,f2c4bd35845cd467046c80fe26c7a866d1f472860470ad7c60201a84f23fab1d
fresh,GEN,T1,1,91008097,3040,50:40,BLUE,33,60,5,rumble / nocturne / cassiopeia / varus / seraphine,jayce / poppy / azir / ezreal / neeko,camille|nautilus|rakan|gnar|xin-zhao,jarvan-iv|vi|wukong|orianna|alistar,0,PICK_CONTROL,POKE_SIEGE,69933e53872d022386f7def25f09418a94ba488dc886af5936eb87246acdd4ae,5003be0a5645ccafc1de6d8a77aaa9d964913f3934065c3a1274202ac8acc517,66fbe5460bba2fa24949e46159211686b5a389deeb30e41e4d16ecba3de11dcf
fresh,GEN,T1,1,91008113,2660,44:20,RED,36,20,5,jayce / jarvan-iv / orianna / ezreal / neeko,rumble / naafiri / cassiopeia / varus / bard,vi|nocturne|rakan|xin-zhao|poppy,camille|nautilus|ambessa|ksante|gnar,0,POKE_SIEGE,PICK_CONTROL,672ae7418d53f0bbc0870c71fc1868e54024ec436fc848054f9e8479386757f9,3683e473f1e3bb0cafe600964e434da21bbda7af68c2f1122d9f5f5d2131d3c9,fb63621f5534b69df4fd76ffe0c937ac0fbe43bdbda5179dee43c1622bb9ac5c
fresh,T1,GEN,1,91008011,1740,29:00,BLUE,24,30,5,jayce / jarvan-iv / orianna / ezreal / seraphine,rumble / naafiri / cassiopeia / varus / neeko,camille|ambessa|nautilus|wukong|xin-zhao,vi|nocturne|poppy|shen|gnar,0,POKE_SIEGE,PICK_CONTROL,fb2585c137aaec55b249d71430d33ee02cbb52cde717188d1698ce12b577346d,49600ff4c0dbe0013bfb9cdb93cad3cac32a5efa364f599027cf6ad3ab6aba01,c2526fe1eff3ef00989f841de6c0a5f4ad205aae954f338b74bfbae0744040a0
fresh,T1,GEN,1,91008023,1740,29:00,RED,24,40,5,jayce / jarvan-iv / orianna / seraphine / bard,rumble / xin-zhao / anivia / varus / neeko,camille|ambessa|wukong|nocturne|lee-sin,vi|nautilus|poppy|shen|rakan,0,PICK_CONTROL,PICK_CONTROL,db0fcc224e465af5b13df95e036c217c3dea19be73d35cef24f25b39a288afe7,dfb9d1bd57ac5ba77cfaaa1bf39f737d965b78f7a23f3c7dd71ac5ce7bf5b0b5,f600a1089d91c8cb1b0d6b8729e0a49e1015c34152a9b987b73d633dd957d33b
fresh,T1,GEN,1,91008037,1470,24:30,RED,6,140,5,anivia / xin-zhao / syndra / varus / neeko,rumble / naafiri / orianna / ziggs / karma,vi|camille|jarvan-iv|rakan|lee-sin,nocturne|nautilus|poppy|gnar|ambessa,0,PICK_CONTROL,POKE_SIEGE,77caeaf1fdff2363e8a22eceae92b34c40424b5cf3a379a80cb07fc0bbb30d10,6a8480751d20355c2ab1868f554930727de0d4cd61a958094f3434e0ebd0c85b,c2f70c794257183513672ac60347cc562d54091775e37a105fefd7b658619f50
fresh,T1,GEN,1,91008051,1520,25:20,BLUE,10,110,5,varus / wukong / cassiopeia / ezreal / neeko,gnar / xin-zhao / syndra / ziggs / poppy,camille|nautilus|jarvan-iv|rakan|rell,vi|nocturne|orianna|ryze|azir,0,PICK_CONTROL,PICK_CONTROL,c9e211264978e9b1b11f574b04dd03c182eda21b3d5381c9693a9540e6c3fc42,e7a2c9852615aebc9b2eb9ff6e762df9fdc796423f166cda7a4f909041d7a07f,b33b493ba78b7290f02dc1bc6cd093dd1f8beacc24f86ced3263de030623f1ee
fresh,T1,GEN,1,91008067,1720,28:40,BLUE,14,40,5,jayce / nocturne / syndra / varus / neeko,gnar / lee-sin / orianna / ezreal / seraphine,camille|nautilus|ambessa|xin-zhao|pantheon,vi|jarvan-iv|poppy|anivia|azir,0,PICK_CONTROL,POKE_SIEGE,40d1ab6420333c60264b72d4fe338f751ffd546326a69561442b1f7f47d74074,c2993a4f7b63d6033bc00bf7c5678eee35031bcb777b0fece845098d2df98b4f,936daf8ad8df24fc9df01ec0895bacaf9cc29f920804dc571307301a383214da
fresh,T1,GEN,1,91008081,1980,33:00,RED,34,220,2,rumble / xin-zhao / orianna / ashe / rell,varus / pantheon / ziggs / ezreal / nautilus,jarvan-iv|vi|ambessa|wukong|gnar,camille|nocturne|poppy|rakan|neeko,0,PICK_CONTROL,PICK_CONTROL,bfe073cd532c7609b7cc06882ca04fd51b0b0b291b5074eb83760dce1aca1bc3,c2ce92abb16032391c181782c96344714f7a53992ec3aedf75eba5b3e5dbea5b,d75f7c257e73e95aebfb126c51fab1176615a128de481d3d81f4a3a476b68175
fresh,T1,GEN,1,91008097,2460,41:00,BLUE,34,60,5,jayce / nocturne / anivia / varus / neeko,gnar / lee-sin / orianna / ezreal / seraphine,jarvan-iv|ambessa|nautilus|rakan|pantheon,camille|vi|poppy|azir|rumble,0,PICK_CONTROL,POKE_SIEGE,a797eb103bd86f5fcc5dd9d4338013758cf2f78014a9a182962afc311627f6f3,1006b0f5acfe1a2ce05fdef94231a0c873c164c0622029057dd5c628564800e3,a89c84b7e3cca9f0c66b60eed76f4b0edfcfcd425e4e4bb0b10a4c343f1a0b67
fresh,T1,GEN,1,91008113,1650,27:30,RED,17,20,5,rumble / xin-zhao / orianna / ashe / neeko,varus / pantheon / ziggs / ezreal / nautilus,jarvan-iv|ambessa|vi|gnar|wukong,nocturne|camille|poppy|rell|rakan,0,PICK_CONTROL,PICK_CONTROL,6787c5026a2091093e749cae835cb1cfcb39fe8d87fc79a34bdf72182019f90e,5d20f558d2eca013f484d12140187649aaa20f47cb121431c4cebc4344b36d74,c64d37a5b247cc19692703c52e9a1e0c03390956c19aff353430656ae14b66c4
fresh,HLE,GEN,1,91008011,1600,26:40,RED,31,30,5,rumble / xin-zhao / cassiopeia / varus / seraphine,gnar / poppy / orianna / ezreal / neeko,camille|nautilus|ambessa|nocturne|wukong,vi|jarvan-iv|rell|rakan|ryze,0,PICK_CONTROL,POKE_SIEGE,1001a1d8b503545b031bd5c8e695d1909bfc76e6a3b9f7671946294077c75e07,2e459de93fd0ff82ef944ec07720de0cc34e3fb0159cd82f4df6aa55a474eff1,9b5463a5470e66a2c3c40f8a5e445b77887dbfd2d75a1f1f9f506d82a06fcaaa
fresh,HLE,GEN,1,91008023,2010,33:30,RED,22,40,0,rumble / naafiri / cassiopeia / varus / nautilus,gnar / xin-zhao / orianna / ziggs / poppy,vi|nocturne|jarvan-iv|shen|neeko,camille|ambessa|rell|pantheon|wukong,0,PICK_CONTROL,PICK_CONTROL,f7e966e89a783d8eb4813c8fd2ccaabf9deaa41b07a113d428b99bc4d8e82ffe,00cc2892b1a53bf4c47f69f116eb7e4400a7553c5a8578467fcbe452e51b3652,35defaba191446dd139c676c868e1d48f1613f705e9e8f5be530da98c44c32c4
fresh,HLE,GEN,1,91008037,2250,37:30,BLUE,33,140,0,rumble / xin-zhao / cassiopeia / varus / seraphine,gnar / poppy / orianna / ezreal / neeko,camille|vi|nautilus|wukong|pantheon,jarvan-iv|ambessa|rell|rakan|alistar,0,PICK_CONTROL,POKE_SIEGE,b6c3631d45bf3c8f927c4c704fb3046c85b43f2876e0c6e0c11e79911935f466,cbc1b7ba084468d52a2d8497ebbe330420869fc25850c608c0f1bb07a76628b8,ed9a99d016d37f84a46fee4d57f0c5eaead4ee88df2c9bb9c810313749a52d7d
fresh,HLE,GEN,1,91008051,1540,25:40,BLUE,23,110,3,rumble / xin-zhao / cassiopeia / varus / seraphine,gnar / poppy / orianna / ezreal / neeko,nautilus|camille|jarvan-iv|wukong|lee-sin,vi|ambessa|rell|rakan|azir,0,PICK_CONTROL,POKE_SIEGE,e9a5d9423890b1f64ca3635fccb3b0b1169d75a2de74ae17fbd7f63c0a86ab83,48b7cc6eda90bd48cd8fcf2cc6ea3db41482c54753587204a540fd38a03edde6,66b947abadb5c06b28aa806a1ca44c498446cc3d4460bf415d1f75a41b4919f0
fresh,HLE,GEN,1,91008067,1780,29:40,RED,23,40,3,rumble / naafiri / cassiopeia / varus / nautilus,gnar / xin-zhao / orianna / ziggs / poppy,camille|vi|ambessa|rakan|alistar,jarvan-iv|wukong|nocturne|pantheon|lee-sin,0,PICK_CONTROL,PICK_CONTROL,31da200b774982b68b8878cf1f03b615c0a2d2d9dafed008383f0b12b467084f,76e82f4331a68929c19cd98beffccda7c3dd8272df9386987aabb3b4ff55e2d3,bb18c8c40f98fcaf246f6fc226ae2c0269225d409edbac2a8e847a56d9437f6d
fresh,HLE,GEN,1,91008081,2750,45:50,BLUE,34,220,0,rumble / xin-zhao / cassiopeia / varus / seraphine,gnar / poppy / orianna / ezreal / neeko,camille|nautilus|ambessa|nocturne|wukong,vi|jarvan-iv|rell|rakan|alistar,0,PICK_CONTROL,POKE_SIEGE,bd3f25a3233e8e46d7ae2664015c296a4111e9497875d85a55d81edeec9318bd,65b67bce0e042c46bee1b730288ae3f569b78e55d85ac9a414c354443f8588eb,e6b6699a36b9ea3d8a0276366f55baca67e24063bdd8539a5be8c0d2390f9c2f
fresh,HLE,GEN,1,91008097,1620,27:00,RED,17,60,1,jayce / xin-zhao / ryze / varus / neeko,gnar / poppy / orianna / ezreal / bard,camille|nautilus|nocturne|rakan|alistar,vi|jarvan-iv|ambessa|anivia|rumble,0,PICK_CONTROL,PICK_CONTROL,5f70f64aef2458527a37f78a3540d16f189f2e6de31ab921026f5d0d0c6a54b6,49ca774632aeab6c2cf2b15546427436a18a2c2410eb109282a8c11b562f4e8b,b271e984f3ddd1398aaa128cf9b09c77943250c6545dad69d44547916561e53b
fresh,HLE,GEN,1,91008113,2090,34:50,RED,24,20,5,jayce / poppy / ryze / varus / nautilus,gnar / xin-zhao / orianna / ziggs / karma,vi|camille|jarvan-iv|alistar|neeko,nocturne|wukong|rell|ambessa|rumble,0,PICK_CONTROL,POKE_SIEGE,de1b8d1c14c1fb3d815950d10b6288f2007c3115784b6c0de8321f214409d05e,776e1feba3abb00f959104e5cf1a91a20ce3b337d79db491d3e6dcb232a7fe41,bd53c99d3f04995cb241cac172aba194da173087f09cbc555052a69badb9e2ce
fresh,GEN,HLE,1,91008011,2150,35:50,RED,38,30,5,jayce / nocturne / anivia / varus / neeko,rumble / naafiri / orianna / ezreal / rakan,camille|jarvan-iv|rell|xin-zhao|poppy,nautilus|vi|wukong|ambessa|azir,0,PICK_CONTROL,PICK_CONTROL,73cffae50bae2af7dbc29309c2d160e6a3bb5e11b24d8e72e92984a9e0f649c9,cacce527b71086a962862f0b28dd84f9fb4761b759abf008d1fba360b6b46a0e,3026e12befe81432dee2d630a85861e46f53075f9da540812e007fbbe9352176
fresh,GEN,HLE,1,91008023,2480,41:20,BLUE,36,40,5,anivia / pantheon / syndra / varus / neeko,rumble / naafiri / orianna / ziggs / bard,camille|vi|nautilus|rakan|poppy,jarvan-iv|nocturne|azir|ambessa|gnar,0,PICK_CONTROL,PICK_CONTROL,f92f4420a2ee9c7c44272b829d191ff0f62639e54fe3386d976c684bf0deeeec,51c89be895975dc017f15b820fc984aef4fe9df7c7d599a7e2d521ced806b2e3,54ac913fb56ffd7fb79050aa357e9a528f91ae80f81d97a550ad141b0f8cea7a
fresh,GEN,HLE,1,91008037,2380,39:40,RED,38,140,0,rumble / pantheon / cassiopeia / varus / neeko,jayce / xin-zhao / orianna / ziggs / poppy,vi|jarvan-iv|nautilus|rakan|ambessa,camille|nocturne|azir|syndra|ahri,0,PICK_CONTROL,PICK_CONTROL,85e52291366e32399da753e6edd9fa8a016d63fa80d2915cdf959bfd1c8f8b2c,2a9cd1658125e0a05cef3f2c61f4b735b3a0f024630704adcfcec641625cd628,d35fe9664e65d15ff5077ae7eae440188476924de4268ece2ec471928108563c
fresh,GEN,HLE,1,91008051,2160,36:00,BLUE,35,110,1,jayce / xin-zhao / azir / taliyah / poppy,rumble / pantheon / cassiopeia / varus / neeko,vi|jarvan-iv|rell|nocturne|orianna,camille|ambessa|wukong|nautilus|shen,0,POKE_SIEGE,PICK_CONTROL,690408fa8164eb8b36a36efc67656fb6f87038cc19997bb30bfc97b2f6201c25,6ec797d1718f2e401bc0fb00e06b7d55dd029ba9541633cd0ddfedcedb568ccb,9ba53c241ac3e0234c68c33f0eeb7486db21489d8bb4ccc8863e705539d44b27
fresh,GEN,HLE,1,91008067,1990,33:10,RED,31,40,1,varus / jayce / cassiopeia / ziggs / neeko,gnar / naafiri / orianna / ezreal / poppy,jarvan-iv|camille|rell|alistar|nautilus,vi|nocturne|ambessa|azir|rumble,0,POKE_SIEGE,PICK_CONTROL,f56e8481d715f1726fc282769af39f170a75393b026beec3c03a0f42fe0d1271,f3fbc7bf9c0be8297eb5c5585adbb74ccc01894984cc397dd71c301d798bf68b,a8d42d98a6e4c1dac2f678c58447eaa812eaa24d439a3087eddc67f8c882f4af
fresh,GEN,HLE,1,91008081,1860,31:00,RED,15,220,1,rumble / pantheon / cassiopeia / varus / neeko,jayce / nocturne / orianna / ziggs / poppy,jarvan-iv|vi|rell|rakan|nautilus,camille|ambessa|xin-zhao|azir|ryze,0,PICK_CONTROL,PICK_CONTROL,3a77a142df7dea6d1d636f729e699a8e36e33e42715cc06c8512187825287f65,cc8a781fbc485716749c22cc10e4c636121646e0398302ce8a497670deef8da6,c866eda126c709da63afbef728109c54acda782b13747f77bde20d6a86a6e6a8
fresh,GEN,HLE,1,91008097,2610,43:30,BLUE,22,60,4,jayce / pantheon / syndra / varus / neeko,rumble / naafiri / orianna / ziggs / rakan,vi|jarvan-iv|nocturne|wukong|poppy,camille|nautilus|azir|ambessa|anivia,0,PICK_CONTROL,PICK_CONTROL,9aa85d884c057ff0b577d30565e0cb5c51561eb33ec7dfb85e777c6034c1cf27,2ad17183ebb1167d348511c46fa4aec112b5dbf4e3d0223f31e376bc2ce1a77a,fd0c4f756dde60117d2f19ef29c3dd99b8d4fd166e35d53888b0f0c45d73df09
fresh,GEN,HLE,1,91008113,2070,34:30,RED,25,20,5,varus / xin-zhao / ziggs / ezreal / neeko,gnar / naafiri / orianna / mel / poppy,vi|nautilus|rell|rakan|alistar,camille|jarvan-iv|nocturne|ambessa|azir,0,POKE_SIEGE,PICK_CONTROL,3543f5fe94c8412cbce16d925f8bb3512b632d49fce114c81cc45b282579b78a,b016df429b436ba9b4376497ea6f171d303baf701db2c466f4a19a60c18858af,48232f22b3f64105c4a59ac8bac5198f8465f51129607495df4917bb706d2ac5
fresh,KT,DK,1,91008011,1550,25:50,RED,6,30,5,gnar / poppy / orianna / ezreal / shen,jayce / lee-sin / syndra / varus / neeko,camille|nocturne|wukong|ambessa|azir,vi|jarvan-iv|nautilus|sejuani|xin-zhao,0,FRONT_TO_BACK,PICK_CONTROL,69a52fd9aff00f66344759bdd5bdba0dce134b67b2354f8ed4503d016257324b,c29ccec4f3c46fe84f86d6853ec36b85577295dd30e3deaa5741b43cd8f4efbb,9ab48563226b69373a0564e8f22789093acd668c7be7863676090a9dd5dabf1e
fresh,KT,DK,1,91008023,1430,23:50,RED,9,40,5,jayce / pantheon / syndra / ziggs / bard,rumble / poppy / orianna / varus / seraphine,camille|wukong|jarvan-iv|xin-zhao|azir,nautilus|nocturne|vi|neeko|rakan,0,PICK_CONTROL,POKE_SIEGE,777752ffbd7e277aff775ccfaa36980a1d25d133341f0c2ae79e3a0095766f04,204f37cd8e4e874e005441227de280aa313415c4325299d9f004acd8874d7e23,207b4c44ca38fa19ee54eee7ebc4ab965d08542b20aab679f51fdfd73d04bdf7
fresh,KT,DK,1,91008037,2600,43:20,BLUE,27,140,2,jayce / xin-zhao / orianna / ziggs / neeko,rumble / poppy / ryze / varus / seraphine,camille|wukong|vi|azir|syndra,nautilus|nocturne|jarvan-iv|ambessa|ksante,0,POKE_SIEGE,PICK_CONTROL,81fc7e5a49ad6180ca0e96954edcfe7c60bf16a5bb33bb554050d87dd35b1d1c,f86138955d36a53dc80b84dfcd26b5756964d102257e9f8c01e3e686346e84a3,9bbcc7f798e65734324ada3cfabbc815c8929e33c6f6f2cfa0205536f8ad700b
fresh,KT,DK,1,91008051,2230,37:10,BLUE,23,110,1,gnar / xin-zhao / syndra / seraphine / neeko,varus / jayce / ziggs / ezreal / karma,jarvan-iv|vi|wukong|ambessa|orianna,nautilus|camille|nocturne|poppy|rakan,0,PICK_CONTROL,POKE_SIEGE,693b91c7bcb89c90ddd41fcfda9c788beb62379d9ba403b7c7afadd8477e74e3,75f443e65068196d6d05ab15ac79bfaad1e1dc38bc120c7e1813d37901949fac,59b9e2a0624f62c125e6e071d2aed5e313ec487a3ac086d23bd2fedea743adb5
fresh,KT,DK,1,91008067,1560,26:00,RED,18,40,3,gnar / nocturne / syndra / seraphine / bard,varus / jayce / ziggs / ezreal / poppy,jarvan-iv|vi|wukong|orianna|xin-zhao,nautilus|camille|ambessa|rell|rakan,0,PICK_CONTROL,POKE_SIEGE,103b93a17f59f871f1eadf19c818761edbcc8474b94a9d6666c95965387c5a84,6269bde3cc99ed8cd47ad8173eff62e62a95d1db868b69ea29eb8021bb3a5972,47817942d5e950b15e3a41aed8cef7a0c6bc12f2b37e603ed4f6fc8c55087f9a
fresh,KT,DK,1,91008081,1870,31:10,RED,23,240,3,gnar / poppy / syndra / seraphine / karma,jayce / xin-zhao / ziggs / varus / neeko,jarvan-iv|camille|nocturne|ambessa|orianna,vi|nautilus|rakan|pantheon|lee-sin,0,POKE_SIEGE,POKE_SIEGE,f36e58c9d74ae391014de00e531ab7f81680f18c3b63d97cfb9dbd4fb7e93455,8df0b6398301a20bac821be158547454cffa03a844bd243c93e35bde585e1a1c,b1511c29b08d5cbee7725319715a912d0cac22b6bf6992c56e45ea567e86ede3
fresh,KT,DK,1,91008097,2010,33:30,RED,20,60,1,rumble / pantheon / syndra / seraphine / bard,varus / jayce / ziggs / ezreal / karma,camille|wukong|nocturne|ambessa|orianna,jarvan-iv|vi|nautilus|poppy|neeko,0,PICK_CONTROL,POKE_SIEGE,303c3e7f8507e6c6c169db290a75df914477a6e01de20b679074d8f933fa5b07,a27dcffb98b4824a2481daabc540cb21ce62c58a6b4ca638d5c2fa1098558daf,081d9613d6ae4ac3e9613790d8cf8156f6faa813a96b17fc080cf1eaee63242a
fresh,KT,DK,1,91008113,2670,44:30,RED,29,20,5,gnar / poppy / syndra / seraphine / bard,jayce / lee-sin / ziggs / varus / karma,camille|vi|nocturne|rumble|azir,nautilus|jarvan-iv|ambessa|pantheon|wukong,0,PICK_CONTROL,POKE_SIEGE,90ac0de2fd508bcfefb94f6c34c6694801b4504785ee43d49cdb9b907a597f06,1cb7394564bf1a02ec9e5835886ca4f8a09f474210210571c1b6b979a08e79c9,57fd0b8e526d2b21e8c66aaeb899461ae8ed0f745348b4b089c636dba1c8aaf0
fresh,DK,KT,1,91008011,1460,24:20,BLUE,13,30,5,jayce / xin-zhao / orianna / taliyah / poppy,rumble / lee-sin / cassiopeia / varus / neeko,vi|camille|nocturne|pantheon|azir,jarvan-iv|nautilus|wukong|ambessa|gnar,0,PICK_CONTROL,PICK_CONTROL,73b00d6f225c1795cd9692ee829915985361ed3d3995375a44862d5d93942804,4a0c04eb1612ed8efc43b8f024758c8b25ac92d2625cb623cecea4c63d76ea0f,5ca67de39be98e77f7fdf57745980745a904df89d6130f12660d3a4359c4afd6
fresh,DK,KT,1,91008023,1460,24:20,BLUE,21,40,3,jayce / xin-zhao / orianna / ziggs / poppy,rumble / lee-sin / cassiopeia / varus / neeko,jarvan-iv|camille|nautilus|azir|pantheon,vi|nocturne|wukong|shen|gnar,0,PICK_CONTROL,PICK_CONTROL,16fa693f99c7af8ce0e71d54be4b37316d824bf69f7d828fbca1fb82b879945f,ebe30e18e60539f519522d15cf7fb9268dde0611067fa34f8dc2505bb34d6b12,21d7137cf2aef27c6fe3f4c137630c7ef04b841bb9b2c1e75a480ad930c7a66a
fresh,DK,KT,1,91008037,2790,46:30,BLUE,26,140,5,rumble / poppy / orianna / ezreal / seraphine,jayce / pantheon / cassiopeia / varus / neeko,nautilus|nocturne|camille|ambessa|akali,vi|jarvan-iv|wukong|lee-sin|xin-zhao,0,POKE_SIEGE,PICK_CONTROL,89c3ed18c9f371ab1a5ab8d207cb58b33ca155964bd8d5ae5c2a559d424885fb,0ae3f8697a46d81e4336fc73d62643e293075288028265a93a80803f903d51a1,ac32f70ac54a060752e950bf620dca52189f151c64a65d9e3166789736f5759e
fresh,DK,KT,1,91008051,2340,39:00,BLUE,28,110,2,jayce / lee-sin / orianna / ziggs / bard,rumble / poppy / syndra / varus / neeko,vi|camille|nocturne|xin-zhao|pantheon,jarvan-iv|nautilus|wukong|shen|rakan,0,POKE_SIEGE,PICK_CONTROL,17f26cadc560ff06b36728aff740bc7c500b45373cbb92eabd47da53bc406ec4,04755f4eea2ea670c68459cb8d9afd178366ba2bc9771ed42af88618cf636d39,122fb81842670eeac90e6e9dc6b716e6a5d66ddc2e9d972a6c48f0b94a9122da
fresh,DK,KT,1,91008067,1450,24:10,BLUE,22,40,2,jayce / lee-sin / orianna / ezreal / poppy,rumble / pantheon / cassiopeia / varus / neeko,vi|camille|nocturne|azir|xin-zhao,jarvan-iv|nautilus|wukong|shen|alistar,0,PICK_CONTROL,PICK_CONTROL,bc21f05c364e579eaa167c013d4e50edf9e1b26fd48cc1bc4c2c162a66028a9a,f08c768c0b7539c6499fe4a559d6fc404c032b2ff95917ebc4c817cc68b36a8b,b2f33e2756f4cc1bdcfd060039963beed276f59636ecac990b0827ed28441254
fresh,DK,KT,1,91008081,1560,26:00,RED,19,220,5,jayce / xin-zhao / orianna / ziggs / poppy,rumble / pantheon / cassiopeia / varus / neeko,nautilus|jarvan-iv|camille|lee-sin|azir,vi|nocturne|wukong|ambessa|gnar,0,PICK_CONTROL,PICK_CONTROL,7f01855b8eaa96fb7736b0613030f94f1854e1c71fc628db46186e1a79cf67f8,8d32b8437af448dd6c57388342277c2df67ef7be3ed0835b3691f45b60b4fdb8,798f8c281b41f246a2551e665fa43939afbf7ccec4c745656e9ad4492540b514
fresh,DK,KT,1,91008097,2530,42:10,BLUE,24,60,5,jayce / xin-zhao / orianna / taliyah / poppy,rumble / wukong / cassiopeia / varus / neeko,jarvan-iv|camille|nocturne|lee-sin|pantheon,vi|nautilus|ambessa|rakan|shen,0,PICK_CONTROL,PICK_CONTROL,0a16dba952cd30904863c311a3aa4bc14ac431b478192dc72d316154cea25087,b7d1c6b35cc671e8b0f39f67e0f29f148bb5f327899de00de197ac276f1a1176,6f5b3491c4c53adbfca5ad73e85726cdc04946581866d8ec172bb46a90cb7605
fresh,DK,KT,1,91008113,2250,37:30,RED,22,20,5,jayce / xin-zhao / orianna / taliyah / poppy,rumble / naafiri / cassiopeia / varus / neeko,vi|nautilus|nocturne|pantheon|lee-sin,camille|jarvan-iv|wukong|shen|gnar,0,PICK_CONTROL,PICK_CONTROL,128ae9187b084d94cb69b9e0019e427c45f88e52194fb801e34730365d3c4165,ec4782d2d77cf021a76510c897099cf6eb7db05a1ea36c8bbc8f97debced71f2,b644a446e2cdc930cc78b1248273ca9afcf4bbe349d18941a68f105f017b1307
fresh,T1,KRX,1,91008011,1910,31:50,RED,19,30,3,rumble / lee-sin / cassiopeia / varus / neeko,jayce / pantheon / azir / ezreal / poppy,nautilus|camille|jarvan-iv|rakan|rell,vi|xin-zhao|orianna|nocturne|wukong,0,PICK_CONTROL,POKE_SIEGE,6c54579daedb56dec2d5e16862bdd0deea7df8d890cb9edaaf2a12babbd29260,280dffe224bf1c611fe04733c74efc68b217d103ae6ce3a521be2d94f0f3eaf5,e74ff6e8db30d534e19db60476935379454628045634d65a1a1cb8639a7b441c
fresh,T1,KRX,1,91008023,2070,34:30,BLUE,16,40,2,jayce / jarvan-iv / galio / varus / neeko,rumble / naafiri / orianna / ezreal / karma,vi|camille|ambessa|xin-zhao|rell,nocturne|nautilus|poppy|azir|gnar,0,PICK_CONTROL,POKE_SIEGE,86a8c06f6ab50ca9f6f176a67fd06e3f14356198b27eeb467c57fc9a566c15b9,1fb4fc980b71ba9676161186abdb170a7a0698925fa60fab5f606aaef4b8cdaa,6c2d5bab5d9bc5fb551a76ea9f5230a1826f77ea903d092a88221a36d8566558
fresh,T1,KRX,1,91008037,2150,35:50,BLUE,22,140,1,varus / lee-sin / galio / ezreal / neeko,rumble / xin-zhao / orianna / ziggs / bard,vi|nautilus|nocturne|rakan|rell,camille|jarvan-iv|poppy|ryze|syndra,0,PICK_CONTROL,PICK_CONTROL,2e3b7ae54031c912f3bc5ca57d6072b44760f200745e9c52538efe5ecb4c22b2,53ce4822192b10b23b642349d38383c0da2bc254c4ce5e4685db68d840eb1073,1019f9ef60c04dab9cc400a947c16c6481b5facda50ea6837bee14a657b19019
fresh,T1,KRX,1,91008051,1950,32:30,BLUE,20,110,5,jayce / nocturne / syndra / varus / neeko,rumble / naafiri / orianna / ezreal / bard,camille|nautilus|wukong|xin-zhao|rakan,vi|jarvan-iv|poppy|gnar|ambessa,0,PICK_CONTROL,PICK_CONTROL,c69d491c9773090e04cf78994f179a04cc34cac16afc3300feabc8f96941deca,e32280c00ec3226e262ce4deb8ce105ab00cd3f119b471a1a32c929e9ab1fcad,4172976283aed5ebbc5b3586886384acff54d4893209309864cb144e67d73c8d
fresh,T1,KRX,1,91008067,1680,28:00,RED,28,40,3,gnar / naafiri / orianna / ezreal / seraphine,jayce / xin-zhao / syndra / varus / neeko,nautilus|camille|nocturne|ambessa|azir,vi|jarvan-iv|poppy|rakan|wukong,0,POKE_SIEGE,PICK_CONTROL,91d97372f62a59a43d7a5663e413e0e42cf88e6795a33851839442c05208ef5d,1a1a3b01f2c2691c9d1076773829cb9b8b5f021c1dc8d4d52be748ab7e32f18a,124dd24f60f35194a813a8edd6a0b4e6619da20487883138ef4c026152992b78
fresh,T1,KRX,1,91008081,2180,36:20,RED,25,220,3,rumble / nocturne / cassiopeia / varus / seraphine,jayce / poppy / azir / ezreal / neeko,vi|jarvan-iv|wukong|xin-zhao|ambessa,camille|nautilus|orianna|alistar|rakan,0,PICK_CONTROL,POKE_SIEGE,f092544f4cebfb62f3a8ceb3998068ca9deee8c1e901fa12625ac207add3c0a9,c5a113a0eca97fbc4c60173260d264e2376d860a843036a282b514aa6de6aba0,3c919b347122b6ff3db5f24aa062a955707ed4e7aa17ba6946e8292e95229b0c
fresh,T1,KRX,1,91008097,1570,26:10,BLUE,13,60,5,varus / xin-zhao / galio / ezreal / neeko,rumble / naafiri / orianna / ziggs / bard,camille|vi|jarvan-iv|rell|alistar,nautilus|nocturne|poppy|azir|ryze,0,PICK_CONTROL,PICK_CONTROL,b6c79a16e906c8cdf5f670e2ca619e5eeec09ad03f98ba502eb10dcf02c81947,27c9210e45be7bd10af3cd5b9552b424aecea6368e33d05d2755e34eba310281,9ee40f0d7b44fcefa58b322b0d221d94a58e417ea20bc8b605b3c3b4a8bc7c93
fresh,T1,KRX,1,91008113,2420,40:20,BLUE,27,20,4,rumble / naafiri / orianna / varus / seraphine,poppy / pantheon / azir / mel / bard,vi|camille|wukong|ksante|ezreal,nautilus|xin-zhao|jarvan-iv|lee-sin|nocturne,0,POKE_SIEGE,PICK_CONTROL,281185ee8a69c321b24b61bf3d14dce039c24558c833d75f8f0c2d4ea4759f73,b6a39a01f60f2b83ddd22e7b177605f8b05b8411777088230799f300914aa609,2b1f548a08a33bcba973fb651d927c6b69e1a86543502aef0e7a95b1bb8fd80d
fresh,KRX,T1,1,91008011,2320,38:40,RED,29,30,5,jayce / xin-zhao / ryze / varus / neeko,rumble / poppy / orianna / ezreal / bard,camille|jarvan-iv|nocturne|alistar|rell,vi|nautilus|ambessa|cassiopeia|gnar,0,PICK_CONTROL,PICK_CONTROL,cf3b24de928465eca14a3c05957a4acabb51e41203bf049604aded94efe6202d,37ee705e0f73a9c8dc9b464589ffee3788a8beabaf572c4085f95328342d94ff,a7e3f3e5ce2c5ba70b378d22e6cbfaf89c5efafc88321a736d1c35c5103bd610
fresh,KRX,T1,1,91008023,1750,29:10,BLUE,17,40,2,rumble / xin-zhao / cassiopeia / varus / seraphine,jayce / poppy / orianna / ezreal / shen,camille|nocturne|nautilus|ksante|gnar,vi|wukong|jarvan-iv|ahri|azir,0,POKE_SIEGE,POKE_SIEGE,995400c4a1e0b4a8c4879f5cc0f23aa2484fec305a0aae28a81a526cc94be55c,c248c49232b1c137f262a9b73aeaf46018e3306b5f47244539de0d5e773ae710,6d06b3ad801cbe8816ca9d91868a84980bb20c1fdfe76740912a46006bb1b59e
fresh,KRX,T1,1,91008037,1410,23:30,RED,14,140,5,jayce / xin-zhao / orianna / ziggs / poppy,rumble / naafiri / ryze / varus / neeko,vi|nocturne|wukong|jarvan-iv|azir,camille|nautilus|ambessa|gnar|alistar,0,PICK_CONTROL,PICK_CONTROL,2e69bd847a0b009e7151f144e226fa9d7b34af8850d3cd841399c5cc9d30132a,42866446d2f5a905edab45d45121b98a22fd38c2c303f0183ee8dd0927863201,6de6eaeb2f1bfa35aa78d2c50a028c10b50f6cbc1830cf36afc1ef00b6580570
fresh,KRX,T1,1,91008051,1930,32:10,RED,18,110,5,rumble / xin-zhao / cassiopeia / varus / seraphine,jayce / poppy / orianna / ezreal / neeko,vi|nautilus|nocturne|gnar|lee-sin,camille|jarvan-iv|wukong|rell|alistar,0,PICK_CONTROL,POKE_SIEGE,f4865ed62744a46fa2871fb080051281b447b8a9d4467eded31a45e61a061ced,e255c6decf498c8c9b99af4a274c431400add58817fbd0789c425a8ef82a0a26,354510c55754424e3d16d634b1a25da6471ea98eba1e66f394075f4613c65d83
fresh,KRX,T1,1,91008067,2140,35:40,BLUE,25,40,5,jayce / poppy / orianna / ziggs / karma,rumble / xin-zhao / syndra / varus / neeko,camille|nocturne|wukong|azir|cassiopeia,vi|nautilus|jarvan-iv|ambessa|rakan,0,POKE_SIEGE,PICK_CONTROL,6fc2cf8cdeb3314ba9e450b339eec0635ef6838ebcea1c0032941d76670c3387,21c60dea1283bca79de814108244abed8c20ed98ea855f9b39692820bd0a9dd5,eb6542d8fe192f817fb633d93cab785698b3b3132a87a048f40c1be1a88ee743
fresh,KRX,T1,1,91008081,2090,34:50,RED,20,220,5,rumble / jarvan-iv / anivia / varus / neeko,jayce / poppy / orianna / mel / bard,camille|nocturne|rakan|ambessa|gnar,vi|nautilus|wukong|rell|azir,0,PICK_CONTROL,PICK_CONTROL,0f1fb76c928497eafaebbe2f728b42913dfe7bffdfef404dbd6f6bfbcf43ef81,9f6968d20f6f97d1f156675ed5817c6f8b151f34d521e98fd93ad34247b5cb5e,b677649213129e3929aa617c0a6f19c35a818e63e03327de70673bb6558edb77
fresh,KRX,T1,1,91008097,2340,39:00,BLUE,23,60,2,rumble / xin-zhao / cassiopeia / varus / poppy,gnar / jayce / orianna / yunara / neeko,nocturne|camille|rakan|ambessa|sion,vi|nautilus|jarvan-iv|rell|ryze,0,PICK_CONTROL,POKE_SIEGE,8733331673e65a448af04485294144555a5f23ff173f5382f40790c8363a9edf,2a58d37730b82ecea44943c98b0a9ad5587418a0b635c2c105bdeb44d845df74,6720b72cc46cbfdddd5c4184949d75a406c51927daabfabcd7d335f6eea74341
fresh,KRX,T1,1,91008113,2840,47:20,RED,28,20,5,jayce / poppy / orianna / ziggs / karma,rumble / xin-zhao / ryze / varus / neeko,vi|nautilus|nocturne|syndra|cassiopeia,camille|jarvan-iv|wukong|rakan|rell,0,POKE_SIEGE,PICK_CONTROL,7edb40e05bb9c2e8412157547e140e22ad6f4d600b17ca7b3c3a95ce69f05453,13d6b192cf7978be9b70cf8473ecaf3d7f9df94d8ad6cd072583b4beaa6d6b1f,7c5347b3cd6161649277b205ca3b7dbadbe3ab6204ff098424bfba71b279d82b
fearless5,T1,GEN,1,92008001,2580,43:00,RED,33,180,2,varus / lee-sin / ryze / ezreal / neeko,rumble / xin-zhao / orianna / ziggs / bard,camille|jarvan-iv|nocturne|rakan|rell,vi|nautilus|poppy|syndra|azir,0,PICK_CONTROL,PICK_CONTROL,5a6376f0a64f1847353ef04f834c902e41e6f68252f100b47f30c84ef743c9af,13d142c951a2d70713f12a5e1c5d9e5ee6c295748e1104e5eba0c378779a7b88,7b7ee2766096f0cb73dccb4e03783163ce99d758c365e9edfdedda75b3a22101
fearless5,GEN,T1,2,92008002,1700,28:20,RED,16,190,5,jayce / pantheon / azir / ashe / seraphine,sion / nocturne / anivia / yunara / alistar,camille|nautilus|poppy|mel|syndra,vi|ambessa|gnar|jarvan-iv|rakan,10,POKE_SIEGE,PICK_CONTROL,0d1f8b787acbd869068bd5695e5b36623069636983937bae337368ca8736ac89,1e15330edb88a1442bfe9108e7cda089f43d161becda7278adb7680cb0548075,2ea5102a2b77e97d86e398f41c92e36adfbf28663ebc1fe4d23b751e5157753d
fearless5,T1,GEN,3,92008003,1490,24:50,RED,14,60,5,renekton / jarvan-iv / syndra / mel / karma,gnar / naafiri / galio / jhin / rakan,poppy|camille|ambessa|cassiopeia|sylas,vi|nautilus|shen|ksante|rell,20,PICK_CONTROL,DIVE,d857eed46c2e6c234e68db6f20217cd54cc40c52433379cc11d7fdc0f554a335,8af85b2dddab90c6f50003e8cce9d89751f061ad733489e17eee18f46706f9f3,17da1de66ac84012809040b4941e1c6160880a3674f1e3037942f02e4280aa01
fearless5,GEN,T1,4,92008004,3080,51:20,BLUE,36,230,3,ksante / sejuani / cassiopeia / corki / renata-glasc,olaf / wukong / ahri / sivir / nami,camille|nautilus|rell|lucian|kaisa,vi|poppy|shen|maokai|braum,30,PICK_CONTROL,DIVE,9bd611ea6a9533b6b08a8c3aa254a9b3300db46d350d3eee1105dcc43b7a31e0,54ff7f105971028ba7fd66884010a59f0b1e2f549429acbdbedccfc5cba5aa11,df64378aee91d210b852cd9892f5d00e760a625e4c3d62119c0227ef0b4ddf20
fearless5,T1,GEN,5,92008005,1560,26:00,RED,16,90,5,ambessa / viego / taliyah / caitlyn / thresh,zaahen / maokai / viktor / lucian / rell,poppy|camille|yone|jax|ornn,nautilus|vi|shen|skarner|qiyana,40,DIVE,PICK_CONTROL,2c3c6e31b47c8409f87dc3e8124e134a370c688bfbe9ed3778631610ab17edf9,48de4e6a2849fe53402e948c37ed86f03b58426ce8d1b79e257bfcf784862b4d,e71da254f46e47304137a1754edc4b0ccefb31d19363b2c44fb5013270b48c2a
fearless5,DK,KT,1,92008001,1980,33:00,BLUE,29,180,2,jayce / nocturne / orianna / ziggs / poppy,rumble / lee-sin / cassiopeia / varus / seraphine,vi|camille|jarvan-iv|pantheon|azir,nautilus|wukong|xin-zhao|shen|rakan,0,PICK_CONTROL,PICK_CONTROL,edbf58f9742c3a4422bee0dba494c219b418f183843f0aa00a75e8d8882fcb86,5ae2b798d2711d17213f8baf3c930a0f1c6b1fcde680a67118745c62eb6bb180,2d553282d1e3d32bc9625eaced13862c3ed08050db21c08fad5834ff76174e0d
fearless5,KT,DK,2,92008002,2020,33:40,RED,31,190,5,anivia / sejuani / syndra / ezreal / bard,gnar / pantheon / azir / mel / karma,camille|vi|xin-zhao|kaisa|ashe,nautilus|jarvan-iv|rakan|naafiri|wukong,10,POKE_SIEGE,POKE_SIEGE,1cef70f2c333dc2f5973c186a8db3b81958ab37f79787aa87780f4cca6a9cfa2,82aa546ce414f0e3d0a11709dc9b176733d91796a74000f671c1b66130a04eed,7f743e6e8a61d7f40f98b18271c9159b9a2adb17eec3f758470e1e69262711ed
fearless5,DK,KT,3,92008003,1880,31:20,BLUE,12,60,5,ambessa / xin-zhao / ryze / jhin / shen,renekton / naafiri / taliyah / yunara / neeko,vi|jarvan-iv|rakan|ksante|sion,camille|nautilus|wukong|rell|alistar,20,PICK_CONTROL,PICK_CONTROL,0ef8461376231c3a4243392b5b34231ba9fcc4f2a8c8deebd88b3ae73cd8ca53,09d9cf485a24265f90fcf21660469d69b6892fc5460be82b32b3f6f3c6c0ad93,d17f184f29ef9787e1b33114b4f1b1666fa195025bad1d5c5262b215f5a2a185
fearless5,KT,DK,4,92008004,1970,32:50,RED,28,230,1,galio / olaf / viktor / corki / rell,sion / skarner / aurora / kaisa / nami,camille|vi|wukong|leblanc|rakan,jarvan-iv|nautilus|alistar|ksante|maokai,30,PICK_CONTROL,DIVE,315902323dc5d1ec0d8708e266a60c0bc5f020cdf01c0ccf54c4dac50f23c058,420ced8f1a6274fbf437a908085f920799920dcb639a00f5cad98cf52502f261,79cf2ba43c4894aa155031473a4db6e64da364263d86afe171bea4b2df33b69d
fearless5,DK,KT,5,92008005,2030,33:50,RED,32,90,4,jax / wukong / akali / ashe / senna,ornn / maokai / annie / lucian / alistar,vi|jarvan-iv|rakan|sivir|kalista,camille|nautilus|ksante|leblanc|ahri,40,DIVE,PICK_CONTROL,72a4bd74011e7c7646577c3a47666b9683f8c2b0ed837c1de65a02f08f3c19d9,7d0040d7b182846fcf7b8aa305b6b6b7b080f53e7496a41e233b69d5d419291a,2d8f1a5b2cec00d2e52296fda77371e60319d98140339f850ae7022cdbcc383e
