sample,turn,side,action,champion,legal_before_search,immediate,continuation,final,components,alternatives
CBLOL-g1,1,BLUE,BAN,nautilus,173,1.1382196247449012,-0.40650995883204,0.7317096659128612,"{""META_PRIORITY"":0.2375,""OPPONENT_AVAILABLE_VALUE"":25.4875,""OPPONENT_EXPECTED_PICK_VALUE"":0.20459206720014378,""OPPONENT_FLEX_VALUE"":0.0,""OPPONENT_NEXT_PICK_DISTANCE"":7.0,""OPPONENT_PICK_PROBABILITY"":0.46408503836317155,""OPPONENT_REPLACEMENT_VALUE"":25.046649616368285,""OUR_LOST_PICK_OPPORTUNITY"":0.0,""OUR_NEXT_PICK_DISTANCE"":6.0,""PROTECTION_VALUE"":0.0,""ROLE_POOL_COMPRESSION"":0.0,""THREAT_TO_OUR_PLAN_PORTFOLIO"":3.480637787723787}","[{""championId"":""vi"",""finalSearchScore"":0.6241575890695374},{""championId"":""lee-sin"",""finalSearchScore"":0.6034403038666606},{""championId"":""jarvan-iv"",""finalSearchScore"":0.5275605826677008}]"
CBLOL-g1,2,RED,BAN,nocturne,172,1.0149970962010189,0.2150022938040999,1.2299993900051187,"{""META_PRIORITY"":0.2375,""OPPONENT_AVAILABLE_VALUE"":25.218250000000005,""OPPONENT_EXPECTED_PICK_VALUE"":0.0,""OPPONENT_FLEX_VALUE"":0.0,""OPPONENT_NEXT_PICK_DISTANCE"":5.0,""OPPONENT_PICK_PROBABILITY"":0.5283888297872348,""OPPONENT_REPLACEMENT_VALUE"":25.734361702127657,""OUR_LOST_PICK_OPPORTUNITY"":0.0,""OUR_NEXT_PICK_DISTANCE"":6.0,""PROTECTION_VALUE"":0.193519704428936,""ROLE_POOL_COMPRESSION"":0.0,""THREAT_TO_OUR_PLAN_PORTFOLIO"":3.5972059243616896}","[{""championId"":""naafiri"",""finalSearchScore"":1.283648675220167},{""championId"":""jarvan-iv"",""finalSearchScore"":1.1116749665890842},{""championId"":""xin-zhao"",""finalSearchScore"":1.1055112919123808}]"
CBLOL-g1,3,BLUE,BAN,jarvan-iv,171,0.8962123392300032,-0.357823167984757,0.5383891712452462,"{""META_PRIORITY"":0.2375,""OPPONENT_AVAILABLE_VALUE"":24.69091836734694,""OPPONENT_EXPECTED_PICK_VALUE"":0.0,""OPPONENT_FLEX_VALUE"":0.0,""OPPONENT_NEXT_PICK_DISTANCE"":5.0,""OPPONENT_PICK_PROBABILITY"":0.4042999999999996,""OPPONENT_REPLACEMENT_VALUE"":24.847918367346942,""OUR_LOST_PICK_OPPORTUNITY"":0.0,""OUR_NEXT_PICK_DISTANCE"":4.0,""PROTECTION_VALUE"":0.17420779743334563,""ROLE_POOL_COMPRESSION"":0.0,""THREAT_TO_OUR_PLAN_PORTFOLIO"":3.0322499999999972}","[{""championId"":""vi"",""finalSearchScore"":0.6082306801813121},{""championId"":""rell"",""finalSearchScore"":0.4785520153335038},{""championId"":""alistar"",""finalSearchScore"":0.47085128872502835}]"
CBLOL-g1,4,RED,BAN,naafiri,170,1.3419018264968556,0.05355901289014331,1.395460839386999,"{""META_PRIORITY"":0.225,""OPPONENT_AVAILABLE_VALUE"":25.481554054054058,""OPPONENT_EXPECTED_PICK_VALUE"":0.0,""OPPONENT_FLEX_VALUE"":0.5547192351926401,""OPPONENT_NEXT_PICK_DISTANCE"":3.0,""OPPONENT_PICK_PROBABILITY"":0.5547192351926401,""OPPONENT_REPLACEMENT_VALUE"":25.734361702127657,""OUR_LOST_PICK_OPPORTUNITY"":0.0,""OUR_NEXT_PICK_DISTANCE"":4.0,""PROTECTION_VALUE"":0.3492608660862366,""ROLE_POOL_COMPRESSION"":0.0,""THREAT_TO_OUR_PLAN_PORTFOLIO"":4.644578406960443}","[{""championId"":""xin-zhao"",""finalSearchScore"":1.2167185385944386},{""championId"":""diana"",""finalSearchScore"":1.1013960241196432},{""championId"":""vi"",""finalSearchScore"":1.0539235272974845}]"
CBLOL-g1,5,BLUE,BAN,vi,169,0.967731589314373,15.539464808548269,16.507196397862643,"{""META_PRIORITY"":0.2375,""OPPONENT_AVAILABLE_VALUE"":24.46613402061856,""OPPONENT_EXPECTED_PICK_VALUE"":0.0,""OPPONENT_FLEX_VALUE"":0.0,""OPPONENT_NEXT_PICK_DISTANCE"":3.0,""OPPONENT_PICK_PROBABILITY"":0.3818215653271619,""OPPONENT_REPLACEMENT_VALUE"":24.847918367346942,""OUR_LOST_PICK_OPPORTUNITY"":0.0,""OUR_NEXT_PICK_DISTANCE"":2.0,""PROTECTION_VALUE"":0.14317590575160527,""ROLE_POOL_COMPRESSION"":0.0,""THREAT_TO_OUR_PLAN_PORTFOLIO"":3.436394087944457}","[{""championId"":""rell"",""finalSearchScore"":16.37583999186653},{""championId"":""alistar"",""finalSearchScore"":16.372583303559704},{""championId"":""wukong"",""finalSearchScore"":16.344018203623985}]"
CBLOL-g1,6,RED,BAN,xin-zhao,168,1.043022025381184,-5.00653478835358,-3.963512762972396,"{""META_PRIORITY"":0.225,""OPPONENT_AVAILABLE_VALUE"":25.246688775510204,""OPPONENT_EXPECTED_PICK_VALUE"":0.10563905624999902,""OPPONENT_FLEX_VALUE"":0.0,""OPPONENT_NEXT_PICK_DISTANCE"":1.0,""OPPONENT_PICK_PROBABILITY"":0.5976749999999998,""OPPONENT_REPLACEMENT_VALUE"":25.069938775510206,""OUR_LOST_PICK_OPPORTUNITY"":0.08607193877551093,""OUR_NEXT_PICK_DISTANCE"":2.0,""PROTECTION_VALUE"":0.5838219450662595,""ROLE_POOL_COMPRESSION"":0.0,""THREAT_TO_OUR_PLAN_PORTFOLIO"":3.0304696831585782}","[{""championId"":""fiddlesticks"",""finalSearchScore"":-3.834275582452843},{""championId"":""morgana"",""finalSearchScore"":-4.027177134980753},{""championId"":""wukong"",""finalSearchScore"":-4.0697818208692365}]"
CBLOL-g1,7,BLUE,PICK,varus,167,33.64594292168675,-40.22317514438073,-6.577232222693979,"{""COMPOSITION_FIT"":4.918750000000003,""COMPOSITION_RESPONSE"":0.0,""DENIAL"":5.5144337349397645,""EARLY_POWER"":2.9,""FLEXIBILITY"":4.0,""FUTURE_FEASIBILITY"":10.0,""JUNGLE_CLEAR"":0.0,""LATE_POWER"":3.39,""MATCHUP"":0.0,""META_PRIORITY"":0.25,""MID_POWER"":5.58,""PLAYER_FIT"":16.87698795180723,""RESOURCE_RISK"":0.0}","[{""championId"":""brand"",""finalSearchScore"":-8.220073404010929},{""championId"":""rumble"",""finalSearchScore"":-8.259305833597374},{""championId"":""caitlyn"",""finalSearchScore"":-8.299470368976024}]"
CBLOL-g1,8,RED,PICK,alistar,166,34.4212821969697,6.6006628893617005,41.0219450863314,"{""COMPOSITION_FIT"":4.41,""COMPOSITION_RESPONSE"":3.238194444444444,""DENIAL"":3.606818181818184,""EARLY_POWER"":5.13,""FLEXIBILITY"":4.0,""FUTURE_FEASIBILITY"":10.0,""JUNGLE_CLEAR"":0.0,""LATE_POWER"":2.2800000000000002,""MATCHUP"":0.0,""META_PRIORITY"":0.1875,""MID_POWER"":4.2700000000000005,""PLAYER_FIT"":16.706565656565658,""RESOURCE_RISK"":0.0}","[{""championId"":""wukong"",""finalSearchScore"":40.95851765438054},{""championId"":""rell"",""finalSearchScore"":40.87025198941768},{""championId"":""rakan"",""finalSearchScore"":40.80482031371717}]"
CBLOL-g1,9,RED,PICK,wukong,143,33.51861057256236,-41.12481130240222,-7.606200729839863,"{""COMPOSITION_FIT"":5.6525,""COMPOSITION_RESPONSE"":0.02013888888888893,""DENIAL"":5.069938775510206,""EARLY_POWER"":4.680000000000001,""FLEXIBILITY"":4.0,""FUTURE_FEASIBILITY"":10.0,""JUNGLE_CLEAR"":0.40400000000000036,""LATE_POWER"":2.4800000000000004,""MATCHUP"":0.0,""META_PRIORITY"":0.2,""MID_POWER"":4.2700000000000005,""PLAYER_FIT"":16.801147959183673,""RESOURCE_RISK"":0.4}","[{""championId"":""sejuani"",""finalSearchScore"":-7.928667659078236},{""championId"":""lee-sin"",""finalSearchScore"":-8.115679648838906},{""championId"":""gnar"",""finalSearchScore"":-8.3186906792956}]"
CBLOL-g1,10,BLUE,PICK,azir,164,33.07244484114796,7.877611285060503,40.950056126208466,"{""COMPOSITION_FIT"":5.34375,""COMPOSITION_RESPONSE"":2.3376736111111125,""DENIAL"":2.499594594594594,""EARLY_POWER"":2.2,""FLEXIBILITY"":4.0,""FUTURE_FEASIBILITY"":10.0,""JUNGLE_CLEAR"":0.0,""LATE_POWER"":4.02,""MATCHUP"":0.0,""META_PRIORITY"":0.2125,""MID_POWER"":4.905,""PLAYER_FIT"":16.18230958230958,""RESOURCE_RISK"":0.69}","[{""championId"":""zyra"",""finalSearchScore"":40.696297554980674},{""championId"":""brand"",""finalSearchScore"":40.57808019168388},{""championId"":""caitlyn"",""finalSearchScore"":40.528662195422925}]"
CBLOL-g1,11,BLUE,PICK,caitlyn,140,33.73022605721394,-23.297128235045424,10.433097822168516,"{""COMPOSITION_FIT"":5.262500000000003,""COMPOSITION_RESPONSE"":0.7270833333333329,""DENIAL"":4.9592288557213955,""EARLY_POWER"":3.025,""FLEXIBILITY"":4.0,""FUTURE_FEASIBILITY"":10.0,""JUNGLE_CLEAR"":0.0,""LATE_POWER"":3.36,""MATCHUP"":0.0,""META_PRIORITY"":0.175,""MID_POWER"":5.67,""PLAYER_FIT"":16.16977611940299,""RESOURCE_RISK"":0.0}","[{""championId"":""rumble"",""finalSearchScore"":9.346821431908293},{""championId"":""poppy"",""finalSearchScore"":8.736126775189678},{""championId"":""morgana"",""finalSearchScore"":8.575396948320481}]"
CBLOL-g1,12,RED,PICK,lissandra,106,32.05984392934746,0.026004108342139065,32.085848037689594,"{""COMPOSITION_FIT"":5.5625,""COMPOSITION_RESPONSE"":2.165740740740741,""DENIAL"":0.0,""EARLY_POWER"":4.995,""FLEXIBILITY"":4.0,""FUTURE_FEASIBILITY"":10.0,""JUNGLE_CLEAR"":0.0,""LATE_POWER"":2.4000000000000004,""MATCHUP"":-0.03461804970056903,""META_PRIORITY"":0.15,""MID_POWER"":3.92,""PLAYER_FIT"":14.871376811594203,""RESOURCE_RISK"":0.18000000000000008}","[{""championId"":""gnar"",""finalSearchScore"":31.789384525995445},{""championId"":""sylas"",""finalSearchScore"":31.705139390098225},{""championId"":""ahri"",""finalSearchScore"":31.37405419540741}]"
CBLOL-g1,13,RED,BAN,lee-sin,161,0.64460872963846,-0.18048014607290752,0.46412858356555253,"{""META_PRIORITY"":0.2125,""OPPONENT_AVAILABLE_VALUE"":24.759361702127656,""OPPONENT_EXPECTED_PICK_VALUE"":0.0,""OPPONENT_FLEX_VALUE"":0.0,""OPPONENT_NEXT_PICK_DISTANCE"":5.0,""OPPONENT_PICK_PROBABILITY"":0.4164651175811866,""OPPONENT_REPLACEMENT_VALUE"":24.79471052631579,""OUR_LOST_PICK_OPPORTUNITY"":0.0,""OUR_NEXT_PICK_DISTANCE"":4.0,""PROTECTION_VALUE"":0.0,""ROLE_POOL_COMPRESSION"":0.0,""THREAT_TO_OUR_PLAN_PORTFOLIO"":2.1605436481923004}","[{""championId"":""qiyana"",""finalSearchScore"":0.5339538313532186},{""championId"":""diana"",""finalSearchScore"":0.4422904313035818},{""championId"":""hecarim"",""finalSearchScore"":0.38661090394453346}]"
CBLOL-g1,14,BLUE,BAN,poppy,160,0.8801032787338864,-0.038508715702206264,0.8415945630316801,"{""META_PRIORITY"":0.0875,""OPPONENT_AVAILABLE_VALUE"":23.490000000000002,""OPPONENT_EXPECTED_PICK_VALUE"":0.0,""OPPONENT_FLEX_VALUE"":0.0,""OPPONENT_NEXT_PICK_DISTANCE"":3.0,""OPPONENT_PICK_PROBABILITY"":0.4349068010075569,""OPPONENT_REPLACEMENT_VALUE"":24.940931989924433,""OUR_LOST_PICK_OPPORTUNITY"":0.0,""OUR_NEXT_PICK_DISTANCE"":4.0,""PROTECTION_VALUE"":0.15979416532302104,""ROLE_POOL_COMPRESSION"":0.0,""THREAT_TO_OUR_PLAN_PORTFOLIO"":3.7233251456849}","[{""championId"":""kaisa"",""finalSearchScore"":0.7358727878738658},{""championId"":""gnar"",""finalSearchScore"":0.7358027321993126},{""championId"":""ambessa"",""finalSearchScore"":0.6505995820790145}]"
CBLOL-g1,15,RED,BAN,talon,159,0.7176044145003703,15.256766862919866,15.974371277420236,"{""META_PRIORITY"":0.0875,""OPPONENT_AVAILABLE_VALUE"":24.072132978723406,""OPPONENT_EXPECTED_PICK_VALUE"":0.0,""OPPONENT_FLEX_VALUE"":0.0,""OPPONENT_NEXT_PICK_DISTANCE"":3.0,""OPPONENT_PICK_PROBABILITY"":0.34774224524076164,""OPPONENT_REPLACEMENT_VALUE"":24.79471052631579,""OUR_LOST_PICK_OPPORTUNITY"":0.0,""OUR_NEXT_PICK_DISTANCE"":2.0,""PROTECTION_VALUE"":0.0,""ROLE_POOL_COMPRESSION"":0.0,""THREAT_TO_OUR_PLAN_PORTFOLIO"":3.150522072501851}","[{""championId"":""qiyana"",""finalSearchScore"":15.968221460352124},{""championId"":""morgana"",""finalSearchScore"":15.896583023223458},{""championId"":""diana"",""finalSearchScore"":15.876431736025879}]"
CBLOL-g1,16,BLUE,BAN,kaisa,158,0.9458285815068744,-6.439610958423128,-5.493782376916253,"{""META_PRIORITY"":0.1875,""OPPONENT_AVAILABLE_VALUE"":24.402557251908394,""OPPONENT_EXPECTED_PICK_VALUE"":0.0,""OPPONENT_FLEX_VALUE"":0.0,""OPPONENT_NEXT_PICK_DISTANCE"":1.0,""OPPONENT_PICK_PROBABILITY"":0.5072028151379289,""OPPONENT_REPLACEMENT_VALUE"":25.130529100529106,""OUR_LOST_PICK_OPPORTUNITY"":0.0,""OUR_NEXT_PICK_DISTANCE"":2.0,""PROTECTION_VALUE"":0.1423196788978684,""ROLE_POOL_COMPRESSION"":0.0,""THREAT_TO_OUR_PLAN_PORTFOLIO"":3.5781633891875697}","[{""championId"":""gnar"",""finalSearchScore"":-4.382435035023706},{""championId"":""ambessa"",""finalSearchScore"":-5.576455973373104},{""championId"":""gragas"",""finalSearchScore"":-5.585300385454946}]"
CBLOL-g1,17,RED,PICK,gnar,76,32.31696426723289,-39.74363477233973,-7.426670505106841,"{""COMPOSITION_FIT"":4.107500000000002,""COMPOSITION_RESPONSE"":0.7962962962962976,""DENIAL"":0.0,""EARLY_POWER"":5.3100000000000005,""FLEXIBILITY"":4.0,""FUTURE_FEASIBILITY"":10.0,""JUNGLE_CLEAR"":0.0,""LATE_POWER"":2.3800000000000003,""MATCHUP"":0.0785351169918087,""META_PRIORITY"":0.225,""MID_POWER"":3.9900000000000007,""PLAYER_FIT"":16.58866498740554,""RESOURCE_RISK"":0.019999999999999928}","[{""championId"":""sion"",""finalSearchScore"":-7.714789852929712},{""championId"":""ksante"",""finalSearchScore"":-8.310513958141122},{""championId"":""galio"",""finalSearchScore"":-8.442386171368632}]"
CBLOL-g1,18,BLUE,PICK,morgana,72,32.298551305573774,6.8069032923388555,39.105454597912626,"{""COMPOSITION_FIT"":4.547499999999999,""COMPOSITION_RESPONSE"":1.7067708333333336,""DENIAL"":0.0,""EARLY_POWER"":2.775,""FLEXIBILITY"":4.0,""FUTURE_FEASIBILITY"":10.0,""JUNGLE_CLEAR"":0.4060000000000003,""LATE_POWER"":3.42,""MATCHUP"":0.010376816729493754,""META_PRIORITY"":0.075,""MID_POWER"":5.175,""PLAYER_FIT"":15.965931372549022,""RESOURCE_RISK"":0.04500000000000011}","[{""championId"":""zyra"",""finalSearchScore"":38.00541523521339},{""championId"":""brand"",""finalSearchScore"":37.72643903997215},{""championId"":""fiddlesticks"",""finalSearchScore"":37.62845450322638}]"
CBLOL-g1,19,BLUE,PICK,zyra,71,31.710412485197946,-22.256380134727312,9.454032350470634,"{""COMPOSITION_FIT"":3.509999999999991,""COMPOSITION_RESPONSE"":1.8478298611111121,""DENIAL"":0.0,""EARLY_POWER"":2.775,""FLEXIBILITY"":4.0,""FUTURE_FEASIBILITY"":10.0,""JUNGLE_CLEAR"":0.6090000000000004,""LATE_POWER"":3.51,""MATCHUP"":-0.0319672941957414,""META_PRIORITY"":0.1,""MID_POWER"":5.04,""PLAYER_FIT"":15.93211009174312,""RESOURCE_RISK"":0.08999999999999994}","[{""championId"":""brand"",""finalSearchScore"":8.914005855229394},{""championId"":""fiddlesticks"",""finalSearchScore"":8.818700918483636},{""championId"":""jayce"",""finalSearchScore"":7.993488622467055}]"
CBLOL-g1,20,RED,PICK,taliyah,28,31.737238309866232,0.0,31.737238309866232,"{""COMPOSITION_FIT"":6.42625000000001,""COMPOSITION_RESPONSE"":1.0310416666666669,""DENIAL"":0.0,""EARLY_POWER"":3.2199999999999998,""FLEXIBILITY"":4.0,""FUTURE_FEASIBILITY"":10.0,""JUNGLE_CLEAR"":0.0,""LATE_POWER"":3.2,""MATCHUP"":0.02373767888770395,""META_PRIORITY"":0.1625,""MID_POWER"":4.08,""PLAYER_FIT"":15.621933962264151,""RESOURCE_RISK"":0.36000000000000015}","[{""championId"":""mel"",""finalSearchScore"":31.452659936828923},{""championId"":""seraphine"",""finalSearchScore"":31.252426969135474},{""championId"":""kalista"",""finalSearchScore"":30.21617316039898}]"
CBLOL-g2,1,BLUE,BAN,rell,163,0.7207623481893366,-0.5255730245594734,0.1951893236298632,"{""META_PRIORITY"":0.2125,""OPPONENT_AVAILABLE_VALUE"":25.043929471032747,""OPPONENT_EXPECTED_PICK_VALUE"":0.0,""OPPONENT_FLEX_VALUE"":0.0,""OPPONENT_NEXT_PICK_DISTANCE"":7.0,""OPPONENT_PICK_PROBABILITY"":0.37564294710327467,""OPPONENT_REPLACEMENT_VALUE"":25.4875,""OUR_LOST_PICK_OPPORTUNITY"":0.0,""OUR_NEXT_PICK_DISTANCE"":6.0,""PROTECTION_VALUE"":0.35858845981947873,""ROLE_POOL_COMPRESSION"":0.0,""THREAT_TO_OUR_PLAN_PORTFOLIO"":2.003429051217465}","[{""championId"":""vi"",""finalSearchScore"":0.26407262950072957},{""championId"":""nautilus"",""finalSearchScore"":0.14903782663624687},{""championId"":""nocturne"",""finalSearchScore"":0.08368115799282982}]"
CBLOL-g2,2,RED,BAN,naafiri,162,1.3448910788276929,-0.14437240834091913,1.2005186704867739,"{""META_PRIORITY"":0.225,""OPPONENT_AVAILABLE_VALUE"":25.481554054054058,""OPPONENT_EXPECTED_PICK_VALUE"":0.0,""OPPONENT_FLEX_VALUE"":0.5547192351926401,""OPPONENT_NEXT_PICK_DISTANCE"":5.0,""OPPONENT_PICK_PROBABILITY"":0.5547192351926401,""OPPONENT_REPLACEMENT_VALUE"":25.734361702127657,""OUR_LOST_PICK_OPPORTUNITY"":0.0,""OUR_NEXT_PICK_DISTANCE"":6.0,""PROTECTION_VALUE"":0.13373819848057414,""ROLE_POOL_COMPRESSION"":0.0,""THREAT_TO_OUR_PLAN_PORTFOLIO"":4.982808670023123}","[{""championId"":""vi"",""finalSearchScore"":1.1365830518429585},{""championId"":""nocturne"",""finalSearchScore"":0.9508861651881761},{""championId"":""jarvan-iv"",""finalSearchScore"":0.9478444135189004}]"
CBLOL-g2,3,BLUE,BAN,nocturne,161,0.6105070962560548,-0.5261465302887103,0.08436056596734454,"{""META_PRIORITY"":0.2375,""OPPONENT_AVAILABLE_VALUE"":24.71783333333333,""OPPONENT_EXPECTED_PICK_VALUE"":0.0,""OPPONENT_FLEX_VALUE"":0.0,""OPPONENT_NEXT_PICK_DISTANCE"":5.0,""OPPONENT_PICK_PROBABILITY"":0.3358471631205671,""OPPONENT_REPLACEMENT_VALUE"":25.55936170212766,""OUR_LOST_PICK_OPPORTUNITY"":0.17460000000000378,""OUR_NEXT_PICK_DISTANCE"":4.0,""PROTECTION_VALUE"":0.16188838069356337,""ROLE_POOL_COMPRESSION"":0.0,""THREAT_TO_OUR_PLAN_PORTFOLIO"":2.320602910239944}","[{""championId"":""vi"",""finalSearchScore"":0.21602740256167702},{""championId"":""nautilus"",""finalSearchScore"":0.14725205261470253},{""championId"":""jarvan-iv"",""finalSearchScore"":0.08260793021786261}]"
CBLOL-g2,4,RED,BAN,lee-sin,160,0.9460451566182521,-0.13152587221239143,0.8145192844058606,"{""META_PRIORITY"":0.2125,""OPPONENT_AVAILABLE_VALUE"":25.734361702127657,""OPPONENT_EXPECTED_PICK_VALUE"":0.08174568091046325,""OPPONENT_FLEX_VALUE"":0.0,""OPPONENT_NEXT_PICK_DISTANCE"":3.0,""OPPONENT_PICK_PROBABILITY"":0.5937672926617451,""OPPONENT_REPLACEMENT_VALUE"":25.596688775510206,""OUR_LOST_PICK_OPPORTUNITY"":0.0,""OUR_NEXT_PICK_DISTANCE"":4.0,""PROTECTION_VALUE"":0.0,""ROLE_POOL_COMPRESSION"":0.0,""THREAT_TO_OUR_PLAN_PORTFOLIO"":3.2589973785389437}","[{""championId"":""vi"",""finalSearchScore"":0.9407128286286175},{""championId"":""jarvan-iv"",""finalSearchScore"":0.8832641526664639},{""championId"":""diana"",""finalSearchScore"":0.7895762425746083}]"
CBLOL-g2,5,BLUE,BAN,qiyana,159,0.6414828916007222,16.19488768041738,16.836370572018104,"{""META_PRIORITY"":0.175,""OPPONENT_AVAILABLE_VALUE"":23.398778325123153,""OPPONENT_EXPECTED_PICK_VALUE"":0.0,""OPPONENT_FLEX_VALUE"":0.0,""OPPONENT_NEXT_PICK_DISTANCE"":3.0,""OPPONENT_PICK_PROBABILITY"":0.2816359957776215,""OPPONENT_REPLACEMENT_VALUE"":24.78241836734694,""OUR_LOST_PICK_OPPORTUNITY"":0.0,""OUR_NEXT_PICK_DISTANCE"":2.0,""PROTECTION_VALUE"":0.05286704000046296,""ROLE_POOL_COMPRESSION"":0.0,""THREAT_TO_OUR_PLAN_PORTFOLIO"":2.253113898002917}","[{""championId"":""diana"",""finalSearchScore"":16.867347075507418},{""championId"":""jarvan-iv"",""finalSearchScore"":16.803963109780664},{""championId"":""leona"",""finalSearchScore"":16.79831510871017}]"
CBLOL-g2,6,RED,BAN,vi,158,1.2411970513359982,-6.063024000054746,-4.821826948718748,"{""META_PRIORITY"":0.2375,""OPPONENT_AVAILABLE_VALUE"":25.37278350515464,""OPPONENT_EXPECTED_PICK_VALUE"":0.0,""OPPONENT_FLEX_VALUE"":0.0,""OPPONENT_NEXT_PICK_DISTANCE"":1.0,""OPPONENT_PICK_PROBABILITY"":0.5576094729644434,""OPPONENT_REPLACEMENT_VALUE"":25.596688775510206,""OUR_LOST_PICK_OPPORTUNITY"":0.0,""OUR_NEXT_PICK_DISTANCE"":2.0,""PROTECTION_VALUE"":0.0,""ROLE_POOL_COMPRESSION"":0.0,""THREAT_TO_OUR_PLAN_PORTFOLIO"":5.018485256679991}","[{""championId"":""jarvan-iv"",""finalSearchScore"":-5.014736500054745},{""championId"":""xin-zhao"",""finalSearchScore"":-6.455359407232981},{""championId"":""sylas"",""finalSearchScore"":-6.4569057317745315}]"
CBLOL-g2,7,BLUE,PICK,xin-zhao,157,32.82705153061225,-38.84424695253921,-6.0171954219269566,"{""COMPOSITION_FIT"":3.5200000000000014,""COMPOSITION_RESPONSE"":0.0,""DENIAL"":4.7824183673469385,""EARLY_POWER"":4.95,""FLEXIBILITY"":4.0,""FUTURE_FEASIBILITY"":10.0,""JUNGLE_CLEAR"":0.3045000000000002,""LATE_POWER"":2.3000000000000003,""MATCHUP"":0.0,""META_PRIORITY"":0.225,""MID_POWER"":4.340000000000001,""PLAYER_FIT"":17.364923469387758,""RESOURCE_RISK"":0.075}","[{""championId"":""jarvan-iv"",""finalSearchScore"":-6.682422399049692},{""championId"":""sejuani"",""finalSearchScore"":-7.255571895893592},{""championId"":""fiddlesticks"",""finalSearchScore"":-7.311307266593694}]"
CBLOL-g2,8,RED,PICK,rumble,156,33.28503009259259,7.146891840000002,40.431921932592594,"{""COMPOSITION_FIT"":3.8237500000000004,""COMPOSITION_RESPONSE"":2.408333333333333,""DENIAL"":4.308703703703706,""EARLY_POWER"":2.9,""FLEXIBILITY"":4.0,""FUTURE_FEASIBILITY"":10.0,""JUNGLE_CLEAR"":0.0,""LATE_POWER"":3.54,""MATCHUP"":0.0,""META_PRIORITY"":0.25,""MID_POWER"":5.175,""PLAYER_FIT"":16.229629629629628,""RESOURCE_RISK"":0.040000000000000216}","[{""championId"":""ashe"",""finalSearchScore"":40.04254527333333},{""championId"":""jhin"",""finalSearchScore"":39.60959868691358},{""championId"":""corki"",""finalSearchScore"":38.13794927355528}]"
CBLOL-g2,9,RED,PICK,ashe,126,33.58358666666667,-40.25839578181818,-6.674809115151511,"{""COMPOSITION_FIT"":5.596250000000001,""COMPOSITION_RESPONSE"":0.7104166666666654,""DENIAL"":3.593300000000003,""EARLY_POWER"":2.6,""FLEXIBILITY"":4.0,""FUTURE_FEASIBILITY"":10.0,""JUNGLE_CLEAR"":0.0,""LATE_POWER"":3.5999999999999996,""MATCHUP"":0.0,""META_PRIORITY"":0.2,""MID_POWER"":5.355,""PLAYER_FIT"":16.676625,""RESOURCE_RISK"":0.15999999999999998}","[{""championId"":""jhin"",""finalSearchScore"":-7.137302701571272},{""championId"":""kalista"",""finalSearchScore"":-7.453221018704809},{""championId"":""ezreal"",""finalSearchScore"":-7.5061295976995055}]"
CBLOL-g2,10,BLUE,PICK,leona,123,32.75844348536516,8.626612443880232,41.3850559292454,"{""COMPOSITION_FIT"":5.3774999999999995,""COMPOSITION_RESPONSE"":0.969444444444445,""DENIAL"":4.811649616368285,""EARLY_POWER"":5.13,""FLEXIBILITY"":4.0,""FUTURE_FEASIBILITY"":10.0,""JUNGLE_CLEAR"":0.0,""LATE_POWER"":2.2800000000000002,""MATCHUP"":0.0,""META_PRIORITY"":0.1625,""MID_POWER"":4.2700000000000005,""PLAYER_FIT"":15.20703324808184,""RESOURCE_RISK"":0.0}","[{""championId"":""ahri"",""finalSearchScore"":40.73318595229023},{""championId"":""sylas"",""finalSearchScore"":40.40412242297173},{""championId"":""nautilus"",""finalSearchScore"":40.1723167866081}]"
CBLOL-g2,11,BLUE,PICK,vex,100,31.879469376693766,-20.94370771798421,10.935761658709556,"{""COMPOSITION_FIT"":5.294999999999995,""COMPOSITION_RESPONSE"":1.2888888888888896,""DENIAL"":3.313829268292686,""EARLY_POWER"":4.7250000000000005,""FLEXIBILITY"":4.0,""FUTURE_FEASIBILITY"":10.0,""JUNGLE_CLEAR"":0.0,""LATE_POWER"":2.52,""MATCHUP"":0.0,""META_PRIORITY"":0.0875,""MID_POWER"":3.9550000000000005,""PLAYER_FIT"":15.127195121951221,""RESOURCE_RISK"":0.31499999999999995}","[{""championId"":""sylas"",""finalSearchScore"":11.492157559793565},{""championId"":""ahri"",""finalSearchScore"":10.910219647629539},{""championId"":""annie"",""finalSearchScore"":10.263166672259693}]"
CBLOL-g2,12,RED,PICK,brand,104,31.6388518903652,0.024644936585040966,31.66349682695024,"{""COMPOSITION_FIT"":4.621249999999996,""COMPOSITION_RESPONSE"":1.1951388888888879,""DENIAL"":0.0,""EARLY_POWER"":2.775,""FLEXIBILITY"":4.0,""FUTURE_FEASIBILITY"":10.0,""JUNGLE_CLEAR"":0.7070000000000006,""LATE_POWER"":3.4499999999999997,""MATCHUP"":-0.018670873646673414,""META_PRIORITY"":0.0875,""MID_POWER"":5.04,""PLAYER_FIT"":15.402477477477479,""RESOURCE_RISK"":0.08000000000000007}","[{""championId"":""orianna"",""finalSearchScore"":32.09421584048949},{""championId"":""fiddlesticks"",""finalSearchScore"":31.43032862703991},{""championId"":""thresh"",""finalSearchScore"":31.277086210852207}]"
CBLOL-g2,13,RED,BAN,poppy,151,0.5166840157746169,-0.1246692920210164,0.39201472375360047,"{""META_PRIORITY"":0.0875,""OPPONENT_AVAILABLE_VALUE"":22.736428571428572,""OPPONENT_EXPECTED_PICK_VALUE"":0.0,""OPPONENT_FLEX_VALUE"":0.0,""OPPONENT_NEXT_PICK_DISTANCE"":5.0,""OPPONENT_PICK_PROBABILITY"":0.2292433793360687,""OPPONENT_REPLACEMENT_VALUE"":24.643994778067885,""OUR_LOST_PICK_OPPORTUNITY"":0.0,""OUR_NEXT_PICK_DISTANCE"":4.0,""PROTECTION_VALUE"":0.018102368637251814,""ROLE_POOL_COMPRESSION"":0.0,""THREAT_TO_OUR_PLAN_PORTFOLIO"":2.1187665259172066}","[{""championId"":""renekton"",""finalSearchScore"":0.4289445905555336},{""championId"":""kaisa"",""finalSearchScore"":0.20853327801868515},{""championId"":""gragas"",""finalSearchScore"":0.09208429198119494}]"
CBLOL-g2,14,BLUE,BAN,leblanc,150,1.1089899230874303,-0.17533326609339628,0.933656656994034,"{""META_PRIORITY"":0.175,""OPPONENT_AVAILABLE_VALUE"":22.59641221374046,""OPPONENT_EXPECTED_PICK_VALUE"":0.0,""OPPONENT_FLEX_VALUE"":0.0,""OPPONENT_NEXT_PICK_DISTANCE"":3.0,""OPPONENT_PICK_PROBABILITY"":0.4422912213740463,""OPPONENT_REPLACEMENT_VALUE"":23.973499999999998,""OUR_LOST_PICK_OPPORTUNITY"":0.0,""OUR_NEXT_PICK_DISTANCE"":4.0,""PROTECTION_VALUE"":0.19987260929597775,""ROLE_POOL_COMPRESSION"":0.0,""THREAT_TO_OUR_PLAN_PORTFOLIO"":4.370140701493185}","[{""championId"":""sylas"",""finalSearchScore"":0.9879492587493702},{""championId"":""ahri"",""finalSearchScore"":0.9084343010374528},{""championId"":""thresh"",""finalSearchScore"":0.8958286438878161}]"
CBLOL-g2,15,RED,BAN,aurora,149,0.502309012205199,15.183050054580026,15.685359066785225,"{""META_PRIORITY"":0.1375,""OPPONENT_AVAILABLE_VALUE"":22.8513574938575,""OPPONENT_EXPECTED_PICK_VALUE"":0.0,""OPPONENT_FLEX_VALUE"":0.0,""OPPONENT_NEXT_PICK_DISTANCE"":3.0,""OPPONENT_PICK_PROBABILITY"":0.24073627157896138,""OPPONENT_REPLACEMENT_VALUE"":24.643994778067885,""OUR_LOST_PICK_OPPORTUNITY"":0.0,""OUR_NEXT_PICK_DISTANCE"":2.0,""PROTECTION_VALUE"":0.0,""ROLE_POOL_COMPRESSION"":0.0,""THREAT_TO_OUR_PLAN_PORTFOLIO"":1.8240450610259946}","[{""championId"":""renekton"",""finalSearchScore"":15.173480702084843},{""championId"":""kaisa"",""finalSearchScore"":14.741263035419014},{""championId"":""gragas"",""finalSearchScore"":14.626450573856381}]"
CBLOL-g2,16,BLUE,BAN,thresh,148,0.9725669278203001,-4.666708997207294,-3.694142069386994,"{""META_PRIORITY"":0.15,""OPPONENT_AVAILABLE_VALUE"":24.467574257425746,""OPPONENT_EXPECTED_PICK_VALUE"":0.0,""OPPONENT_FLEX_VALUE"":0.0,""OPPONENT_NEXT_PICK_DISTANCE"":1.0,""OPPONENT_PICK_PROBABILITY"":0.5170074257425745,""OPPONENT_REPLACEMENT_VALUE"":25.0975,""OUR_LOST_PICK_OPPORTUNITY"":0.0,""OUR_NEXT_PICK_DISTANCE"":2.0,""PROTECTION_VALUE"":0.32918843926898567,""ROLE_POOL_COMPRESSION"":0.0,""THREAT_TO_OUR_PLAN_PORTFOLIO"":3.6190519801980217}","[{""championId"":""sylas"",""finalSearchScore"":-5.819526394344564},{""championId"":""ahri"",""finalSearchScore"":-5.8991097323132085},{""championId"":""locke"",""finalSearchScore"":-6.0352980512338394}]"
CBLOL-g2,17,RED,PICK,orianna,63,31.65668109024396,-39.21159856706733,-7.554917476823366,"{""COMPOSITION_FIT"":4.326250000000009,""COMPOSITION_RESPONSE"":1.3364583333333329,""DENIAL"":0.0,""EARLY_POWER"":2.425,""FLEXIBILITY"":4.0,""FUTURE_FEASIBILITY"":10.0,""JUNGLE_CLEAR"":0.0,""LATE_POWER"":3.84,""MATCHUP"":-0.004898064272403246,""META_PRIORITY"":0.25,""MID_POWER"":4.905,""PLAYER_FIT"":16.252825552825552,""RESOURCE_RISK"":0.6200000000000003}","[{""championId"":""tristana"",""finalSearchScore"":-8.733421756916712},{""championId"":""zoe"",""finalSearchScore"":-8.75461288583168},{""championId"":""braum"",""finalSearchScore"":-8.816939290618773}]"
CBLOL-g2,18,BLUE,PICK,galio,72,32.87292904153329,7.958760165672311,40.8316892072056,"{""COMPOSITION_FIT"":5.420000000000002,""COMPOSITION_RESPONSE"":2.0861111111111104,""DENIAL"":3.2273979591836763,""EARLY_POWER"":2.08,""FLEXIBILITY"":4.0,""FUTURE_FEASIBILITY"":10.0,""JUNGLE_CLEAR"":0.0,""LATE_POWER"":5.445,""MATCHUP"":0.034105884626583816,""META_PRIORITY"":0.125,""MID_POWER"":4.2700000000000005,""PLAYER_FIT"":14.884000000000004,""RESOURCE_RISK"":0.2549999999999999}","[{""championId"":""sion"",""finalSearchScore"":39.72346047824393},{""championId"":""gragas"",""finalSearchScore"":39.67127336236426},{""championId"":""ornn"",""finalSearchScore"":39.658551314000846}]"
CBLOL-g2,19,BLUE,PICK,xayah,27,31.409177789382255,-20.35534422594849,11.053833563433766,"{""COMPOSITION_FIT"":4.286249999999981,""COMPOSITION_RESPONSE"":-0.17743055555555465,""DENIAL"":0.0,""EARLY_POWER"":1.8600000000000003,""FLEXIBILITY"":4.0,""FUTURE_FEASIBILITY"":10.0,""JUNGLE_CLEAR"":0.0,""LATE_POWER"":5.8500000000000005,""MATCHUP"":-0.019814372840324168,""META_PRIORITY"":0.1375,""MID_POWER"":3.8500000000000005,""PLAYER_FIT"":16.523875,""RESOURCE_RISK"":0.36999999999999994}","[{""championId"":""samira"",""finalSearchScore"":10.43344835060902},{""championId"":""seraphine"",""finalSearchScore"":10.276371463511065},{""championId"":""zeri"",""finalSearchScore"":9.481891890381409}]"
CBLOL-g2,20,RED,PICK,neeko,28,30.0225118970913,0.0,30.0225118970913,"{""COMPOSITION_FIT"":3.3125,""COMPOSITION_RESPONSE"":0.22361111111111143,""DENIAL"":0.0,""EARLY_POWER"":2.75,""FLEXIBILITY"":4.0,""FUTURE_FEASIBILITY"":10.0,""JUNGLE_CLEAR"":0.0,""LATE_POWER"":3.63,""MATCHUP"":0.011572546932223204,""META_PRIORITY"":0.225,""MID_POWER"":5.04,""PLAYER_FIT"":15.290669856459328,""RESOURCE_RISK"":0.2749999999999999}","[{""championId"":""senna"",""finalSearchScore"":31.029686193510315},{""championId"":""renata-glasc"",""finalSearchScore"":29.252070282902192},{""championId"":""karma"",""finalSearchScore"":29.218240575800117}]"
LCK-g1,1,BLUE,BAN,thresh,173,0.7839220395964213,-0.7460921055101897,0.03782993408623159,"{""META_PRIORITY"":0.15,""OPPONENT_AVAILABLE_VALUE"":26.95123762376238,""OPPONENT_EXPECTED_PICK_VALUE"":0.09765029518293533,""OPPONENT_FLEX_VALUE"":0.0,""OPPONENT_NEXT_PICK_DISTANCE"":7.0,""OPPONENT_PICK_PROBABILITY"":0.44208840884088446,""OPPONENT_REPLACEMENT_VALUE"":26.730353535353537,""OUR_LOST_PICK_OPPORTUNITY"":0.0,""OUR_NEXT_PICK_DISTANCE"":6.0,""PROTECTION_VALUE"":0.0,""ROLE_POOL_COMPRESSION"":0.0,""THREAT_TO_OUR_PLAN_PORTFOLIO"":2.6813587220674293}","[{""championId"":""camille"",""finalSearchScore"":-0.03205060867640208},{""championId"":""pyke"",""finalSearchScore"":-0.09487630381172724},{""championId"":""vi"",""finalSearchScore"":-0.13518945134873833}]"
LCK-g1,2,RED,BAN,akali,172,1.1195416263696136,0.3854890812511321,1.5050307076207456,"{""META_PRIORITY"":0.175,""OPPONENT_AVAILABLE_VALUE"":26.434599999999996,""OPPONENT_EXPECTED_PICK_VALUE"":0.0,""OPPONENT_FLEX_VALUE"":0.5316696385542168,""OPPONENT_NEXT_PICK_DISTANCE"":5.0,""OPPONENT_PICK_PROBABILITY"":0.5316696385542168,""OPPONENT_REPLACEMENT_VALUE"":26.917903614457828,""OUR_LOST_PICK_OPPORTUNITY"":0.1921400000000025,""OUR_NEXT_PICK_DISTANCE"":6.0,""PROTECTION_VALUE"":0.1976369443330991,""ROLE_POOL_COMPRESSION"":0.0,""THREAT_TO_OUR_PLAN_PORTFOLIO"":4.796060486432767}","[{""championId"":""yone"",""finalSearchScore"":1.4846504679468588},{""championId"":""sylas"",""finalSearchScore"":1.310994527722684},{""championId"":""kennen"",""finalSearchScore"":1.2199132122474938}]"
LCK-g1,3,BLUE,BAN,seraphine,171,0.5396022622996149,-0.7460921055101897,-0.20648984321057473,"{""META_PRIORITY"":0.2,""OPPONENT_AVAILABLE_VALUE"":25.745912408759125,""OPPONENT_EXPECTED_PICK_VALUE"":0.0,""OPPONENT_FLEX_VALUE"":0.3215558873405588,""OPPONENT_NEXT_PICK_DISTANCE"":5.0,""OPPONENT_PICK_PROBABILITY"":0.3215558873405588,""OPPONENT_REPLACEMENT_VALUE"":26.730353535353537,""OUR_LOST_PICK_OPPORTUNITY"":0.0,""OUR_NEXT_PICK_DISTANCE"":4.0,""PROTECTION_VALUE"":0.21086179263193325,""ROLE_POOL_COMPRESSION"":0.0,""THREAT_TO_OUR_PLAN_PORTFOLIO"":1.1405517070447555}","[{""championId"":""camille"",""finalSearchScore"":-0.2861423259156767},{""championId"":""pyke"",""finalSearchScore"":-0.3710984547165389},{""championId"":""nautilus"",""finalSearchScore"":-0.4093468100714259}]"
LCK-g1,4,RED,BAN,yone,170,1.0786426567981553,0.2954638232493702,1.3741064800475256,"{""META_PRIORITY"":0.1375,""OPPONENT_AVAILABLE_VALUE"":26.616508313539192,""OPPONENT_EXPECTED_PICK_VALUE"":0.0,""OPPONENT_FLEX_VALUE"":0.5498604699081364,""OPPONENT_NEXT_PICK_DISTANCE"":3.0,""OPPONENT_PICK_PROBABILITY"":0.5498604699081364,""OPPONENT_REPLACEMENT_VALUE"":26.917903614457828,""OUR_LOST_PICK_OPPORTUNITY"":0.0,""OUR_NEXT_PICK_DISTANCE"":4.0,""PROTECTION_VALUE"":0.2679129541460797,""ROLE_POOL_COMPRESSION"":0.0,""THREAT_TO_OUR_PLAN_PORTFOLIO"":3.8914485003405543}","[{""championId"":""sylas"",""finalSearchScore"":1.2904749482028408},{""championId"":""kennen"",""finalSearchScore"":1.1992671368376375},{""championId"":""azir"",""finalSearchScore"":1.0525508873380098}]"
LCK-g1,5,BLUE,BAN,vi,169,0.313204056385439,18.129313867651398,18.442517924036835,"{""META_PRIORITY"":0.2375,""OPPONENT_AVAILABLE_VALUE"":25.606649484536085,""OPPONENT_EXPECTED_PICK_VALUE"":0.0,""OPPONENT_FLEX_VALUE"":0.0,""OPPONENT_NEXT_PICK_DISTANCE"":3.0,""OPPONENT_PICK_PROBABILITY"":0.3578241321270778,""OPPONENT_REPLACEMENT_VALUE"":26.228408163265307,""OUR_LOST_PICK_OPPORTUNITY"":0.7104742268041264,""OUR_NEXT_PICK_DISTANCE"":2.0,""PROTECTION_VALUE"":0.0,""ROLE_POOL_COMPRESSION"":0.0,""THREAT_TO_OUR_PLAN_PORTFOLIO"":3.2204171891437}","[{""championId"":""camille"",""finalSearchScore"":18.50264349150436},{""championId"":""pyke"",""finalSearchScore"":18.4176873627035},{""championId"":""nocturne"",""finalSearchScore"":18.31881910693821}]"
LCK-g1,6,RED,BAN,sylas,168,0.9101741061293042,-6.588037934063529,-5.677863827934225,"{""META_PRIORITY"":0.1625,""OPPONENT_AVAILABLE_VALUE"":26.772199999999998,""OPPONENT_EXPECTED_PICK_VALUE"":0.0,""OPPONENT_FLEX_VALUE"":0.0,""OPPONENT_NEXT_PICK_DISTANCE"":1.0,""OPPONENT_PICK_PROBABILITY"":0.565429638554217,""OPPONENT_REPLACEMENT_VALUE"":26.917903614457828,""OUR_LOST_PICK_OPPORTUNITY"":0.20462000000000113,""OUR_NEXT_PICK_DISTANCE"":2.0,""PROTECTION_VALUE"":0.5367727451500505,""ROLE_POOL_COMPRESSION"":0.0,""THREAT_TO_OUR_PLAN_PORTFOLIO"":3.7516914129214496}","[{""championId"":""varus"",""finalSearchScore"":-5.425730084441023},{""championId"":""kennen"",""finalSearchScore"":-5.76989568618507},{""championId"":""azir"",""finalSearchScore"":-5.916795640825802}]"
LCK-g1,7,BLUE,PICK,varus,167,35.64210677710844,-42.77714419703154,-7.135037419923101,"{""COMPOSITION_FIT"":4.918750000000003,""COMPOSITION_RESPONSE"":0.0,""DENIAL"":6.614000000000001,""EARLY_POWER"":2.9,""FLEXIBILITY"":4.0,""FUTURE_FEASIBILITY"":10.0,""JUNGLE_CLEAR"":0.0,""LATE_POWER"":3.39,""MATCHUP"":0.0,""META_PRIORITY"":0.25,""MID_POWER"":5.58,""PLAYER_FIT"":19.166024096385545,""RESOURCE_RISK"":0.0}","[{""championId"":""caitlyn"",""finalSearchScore"":-7.860957622404676},{""championId"":""zoe"",""finalSearchScore"":-8.063898022332744},{""championId"":""corki"",""finalSearchScore"":-8.120837361097713}]"
LCK-g1,8,RED,PICK,alistar,166,36.71118623737374,6.016024393310939,42.72721063068468,"{""COMPOSITION_FIT"":4.41,""COMPOSITION_RESPONSE"":3.238194444444444,""DENIAL"":6.07217171717172,""EARLY_POWER"":5.13,""FLEXIBILITY"":4.0,""FUTURE_FEASIBILITY"":10.0,""JUNGLE_CLEAR"":0.0,""LATE_POWER"":2.2800000000000002,""MATCHUP"":0.0,""META_PRIORITY"":0.1875,""MID_POWER"":4.2700000000000005,""PLAYER_FIT"":19.10669191919192,""RESOURCE_RISK"":0.0}","[{""championId"":""pyke"",""finalSearchScore"":42.74567091336244},{""championId"":""nautilus"",""finalSearchScore"":42.12827250947256},{""championId"":""rakan"",""finalSearchScore"":41.988024116774625}]"
LCK-g1,9,RED,PICK,wukong,143,34.96464526643991,-44.96268717730573,-9.998041910865823,"{""COMPOSITION_FIT"":5.6525,""COMPOSITION_RESPONSE"":0.02013888888888893,""DENIAL"":6.433571428571433,""EARLY_POWER"":4.680000000000001,""FLEXIBILITY"":4.0,""FUTURE_FEASIBILITY"":10.0,""JUNGLE_CLEAR"":0.40800000000000036,""LATE_POWER"":2.4800000000000004,""MATCHUP"":0.0,""META_PRIORITY"":0.2,""MID_POWER"":4.2700000000000005,""PLAYER_FIT"":18.225510204081633,""RESOURCE_RISK"":0.2}","[{""championId"":""jarvan-iv"",""finalSearchScore"":-10.224310827532477},{""championId"":""xin-zhao"",""finalSearchScore"":-10.473010827532491},{""championId"":""nocturne"",""finalSearchScore"":-10.54571112175018}]"
LCK-g1,10,BLUE,PICK,azir,164,36.38726793697106,8.143809508583711,44.53107744555477,"{""COMPOSITION_FIT"":5.34375,""COMPOSITION_RESPONSE"":2.3376736111111125,""DENIAL"":4.279742014742013,""EARLY_POWER"":2.2,""FLEXIBILITY"":4.0,""FUTURE_FEASIBILITY"":10.0,""JUNGLE_CLEAR"":0.0,""LATE_POWER"":4.02,""MATCHUP"":0.0,""META_PRIORITY"":0.2125,""MID_POWER"":4.905,""PLAYER_FIT"":19.560810810810807,""RESOURCE_RISK"":0.0}","[{""championId"":""caitlyn"",""finalSearchScore"":44.06345657743173},{""championId"":""lissandra"",""finalSearchScore"":43.61157690331551},{""championId"":""corki"",""finalSearchScore"":43.31274833363192}]"
LCK-g1,11,BLUE,PICK,caitlyn,141,36.099255907960206,-25.189221795335357,10.91003411262485,"{""COMPOSITION_FIT"":5.262500000000003,""COMPOSITION_RESPONSE"":0.7270833333333329,""DENIAL"":6.619427860696522,""EARLY_POWER"":3.025,""FLEXIBILITY"":4.0,""FUTURE_FEASIBILITY"":10.0,""JUNGLE_CLEAR"":0.0,""LATE_POWER"":3.36,""MATCHUP"":0.0,""META_PRIORITY"":0.175,""MID_POWER"":5.67,""PLAYER_FIT"":18.819776119402988,""RESOURCE_RISK"":0.0}","[{""championId"":""ashe"",""finalSearchScore"":10.275402027507258},{""championId"":""jhin"",""finalSearchScore"":9.968137120099854},{""championId"":""jayce"",""finalSearchScore"":9.827438338209518}]"
LCK-g1,12,RED,PICK,gragas,103,33.71265947194913,0.09752264845762498,33.81018212040676,"{""COMPOSITION_FIT"":4.867500000000007,""COMPOSITION_RESPONSE"":1.746296296296297,""DENIAL"":0.0,""EARLY_POWER"":4.995,""FLEXIBILITY"":4.0,""FUTURE_FEASIBILITY"":10.0,""JUNGLE_CLEAR"":0.0,""LATE_POWER"":2.42,""MATCHUP"":0.05343454927110969,""META_PRIORITY"":0.1375,""MID_POWER"":4.2,""PLAYER_FIT"":17.351790633608815,""RESOURCE_RISK"":0.15}","[{""championId"":""galio"",""finalSearchScore"":34.994085470382956},{""championId"":""lissandra"",""finalSearchScore"":34.402721470195004},{""championId"":""ahri"",""finalSearchScore"":33.06528246580681}]"
LCK-g1,13,RED,BAN,xin-zhao,161,0.6673791680279587,-0.22623422951776245,0.44114493851019626,"{""META_PRIORITY"":0.225,""OPPONENT_AVAILABLE_VALUE"":26.254821428571432,""OPPONENT_EXPECTED_PICK_VALUE"":0.0,""OPPONENT_FLEX_VALUE"":0.0,""OPPONENT_NEXT_PICK_DISTANCE"":5.0,""OPPONENT_PICK_PROBABILITY"":0.3646014321972441,""OPPONENT_REPLACEMENT_VALUE"":26.80880710659899,""OUR_LOST_PICK_OPPORTUNITY"":0.0,""OUR_NEXT_PICK_DISTANCE"":4.0,""PROTECTION_VALUE"":0.14321666949046077,""ROLE_POOL_COMPRESSION"":0.0,""THREAT_TO_OUR_PLAN_PORTFOLIO"":1.997070835904102}","[{""championId"":""nocturne"",""finalSearchScore"":0.4965043128810148},{""championId"":""jarvan-iv"",""finalSearchScore"":0.4758208006131876},{""championId"":""khazix"",""finalSearchScore"":0.4266486426359809}]"
LCK-g1,14,BLUE,BAN,galio,160,0.7660795347475615,-0.08198630244210592,0.6840932323054556,"{""META_PRIORITY"":0.175,""OPPONENT_AVAILABLE_VALUE"":25.244482288828337,""OPPONENT_EXPECTED_PICK_VALUE"":0.0,""OPPONENT_FLEX_VALUE"":0.0,""OPPONENT_NEXT_PICK_DISTANCE"":3.0,""OPPONENT_PICK_PROBABILITY"":0.48281082430268074,""OPPONENT_REPLACEMENT_VALUE"":26.21637404580153,""OUR_LOST_PICK_OPPORTUNITY"":0.0,""OUR_NEXT_PICK_DISTANCE"":4.0,""PROTECTION_VALUE"":0.0,""ROLE_POOL_COMPRESSION"":0.0,""THREAT_TO_OUR_PLAN_PORTFOLIO"":2.955397673737808}","[{""championId"":""leblanc"",""finalSearchScore"":0.7912829956929994},{""championId"":""lissandra"",""finalSearchScore"":0.5222507737895205},{""championId"":""mel"",""finalSearchScore"":0.43238985778894734}]"
LCK-g1,15,RED,BAN,nocturne,159,0.7421160371138735,15.867292480580112,16.609408517693986,"{""META_PRIORITY"":0.2375,""OPPONENT_AVAILABLE_VALUE"":26.012083333333337,""OPPONENT_EXPECTED_PICK_VALUE"":0.0,""OPPONENT_FLEX_VALUE"":0.0,""OPPONENT_NEXT_PICK_DISTANCE"":3.0,""OPPONENT_PICK_PROBABILITY"":0.3403276226734346,""OPPONENT_REPLACEMENT_VALUE"":26.80880710659899,""OUR_LOST_PICK_OPPORTUNITY"":0.0,""OUR_NEXT_PICK_DISTANCE"":2.0,""PROTECTION_VALUE"":0.0,""ROLE_POOL_COMPRESSION"":0.0,""THREAT_TO_OUR_PLAN_PORTFOLIO"":2.523080185569367}","[{""championId"":""jarvan-iv"",""finalSearchScore"":16.563693043915023},{""championId"":""khazix"",""finalSearchScore"":16.517219538971094},{""championId"":""pantheon"",""finalSearchScore"":16.46081312817728}]"
LCK-g1,16,BLUE,BAN,leblanc,158,0.8718797822344108,-5.92381179916746,-5.0519320169330495,"{""META_PRIORITY"":0.175,""OPPONENT_AVAILABLE_VALUE"":26.21637404580153,""OPPONENT_EXPECTED_PICK_VALUE"":0.2614569157365334,""OPPONENT_FLEX_VALUE"":0.0,""OPPONENT_NEXT_PICK_DISTANCE"":1.0,""OPPONENT_PICK_PROBABILITY"":0.6220326664255391,""OPPONENT_REPLACEMENT_VALUE"":25.79604738154614,""OUR_LOST_PICK_OPPORTUNITY"":0.0,""OUR_NEXT_PICK_DISTANCE"":2.0,""PROTECTION_VALUE"":0.0,""ROLE_POOL_COMPRESSION"":0.0,""THREAT_TO_OUR_PLAN_PORTFOLIO"":2.1771143324893867}","[{""championId"":""lissandra"",""finalSearchScore"":-5.260323413652835},{""championId"":""mel"",""finalSearchScore"":-5.299784720556772},{""championId"":""orianna"",""finalSearchScore"":-5.331627453076081}]"
LCK-g1,17,RED,PICK,lissandra,60,34.28122134480639,-39.97539123180799,-5.6941698870016,"{""COMPOSITION_FIT"":4.8899999999999935,""COMPOSITION_RESPONSE"":2.165740740740741,""DENIAL"":0.0,""EARLY_POWER"":3.885,""FLEXIBILITY"":4.0,""FUTURE_FEASIBILITY"":10.0,""JUNGLE_CLEAR"":0.0,""LATE_POWER"":3.0,""MATCHUP"":-0.03461804970057081,""META_PRIORITY"":0.15,""MID_POWER"":4.720000000000001,""PLAYER_FIT"":17.832004830917878,""RESOURCE_RISK"":0.18000000000000008}","[{""championId"":""annie"",""finalSearchScore"":-7.060492523055991},{""championId"":""morgana"",""finalSearchScore"":-7.507041594932296},{""championId"":""twisted-fate"",""finalSearchScore"":-7.512768657533883}]"
LCK-g1,18,BLUE,PICK,fiddlesticks,75,33.29992370298052,5.82102287837472,39.12094658135524,"{""COMPOSITION_FIT"":5.019999999999996,""COMPOSITION_RESPONSE"":1.0517361111111097,""DENIAL"":0.0,""EARLY_POWER"":2.6,""FLEXIBILITY"":4.0,""FUTURE_FEASIBILITY"":10.0,""JUNGLE_CLEAR"":0.5125000000000004,""LATE_POWER"":3.75,""MATCHUP"":-0.02644332898480961,""META_PRIORITY"":0.075,""MID_POWER"":5.085000000000001,""PLAYER_FIT"":17.19907834101382,""RESOURCE_RISK"":0.10499999999999998}","[{""championId"":""karthus"",""finalSearchScore"":38.58745555099236},{""championId"":""neeko"",""finalSearchScore"":37.72429455947689},{""championId"":""jayce"",""finalSearchScore"":37.43776524968824}]"
LCK-g1,19,BLUE,PICK,karma,31,31.2539661507365,-25.000292634727312,6.2536735160091865,"{""COMPOSITION_FIT"":1.6237500000000011,""COMPOSITION_RESPONSE"":0.4322048611111118,""DENIAL"":0.0,""EARLY_POWER"":3.0,""FLEXIBILITY"":4.0,""FUTURE_FEASIBILITY"":10.0,""JUNGLE_CLEAR"":0.0,""LATE_POWER"":3.42,""MATCHUP"":0.045211375372725016,""META_PRIORITY"":0.225,""MID_POWER"":5.22,""PLAYER_FIT"":17.588687150837984,""RESOURCE_RISK"":0.0}","[{""championId"":""neeko"",""finalSearchScore"":8.084753997742666},{""championId"":""leona"",""finalSearchScore"":5.849217042389899},{""championId"":""renata-glasc"",""finalSearchScore"":5.668702135162537}]"
LCK-g1,20,RED,PICK,ashe,28,33.81012865934348,0.0,33.81012865934348,"{""COMPOSITION_FIT"":5.439999999999998,""COMPOSITION_RESPONSE"":0.1231944444444455,""DENIAL"":0.0,""EARLY_POWER"":3.6399999999999997,""FLEXIBILITY"":4.0,""FUTURE_FEASIBILITY"":10.0,""JUNGLE_CLEAR"":0.0,""LATE_POWER"":3.0,""MATCHUP"":0.012857663452798818,""META_PRIORITY"":0.2,""MID_POWER"":4.36,""PLAYER_FIT"":18.749125,""RESOURCE_RISK"":0.0}","[{""championId"":""kalista"",""finalSearchScore"":33.64503076403689},{""championId"":""jhin"",""finalSearchScore"":32.56687287497007},{""championId"":""xayah"",""finalSearchScore"":32.20259052282535}]"
LCK-g2,1,BLUE,BAN,thresh,163,0.853195962269155,-0.5703864139501733,0.28280954831898164,"{""META_PRIORITY"":0.15,""OPPONENT_AVAILABLE_VALUE"":26.95123762376238,""OPPONENT_EXPECTED_PICK_VALUE"":0.10405752823262888,""OPPONENT_FLEX_VALUE"":0.0,""OPPONENT_NEXT_PICK_DISTANCE"":7.0,""OPPONENT_PICK_PROBABILITY"":0.443464671467147,""OPPONENT_REPLACEMENT_VALUE"":26.71659090909091,""OUR_LOST_PICK_OPPORTUNITY"":0.11025742574257436,""OUR_NEXT_PICK_DISTANCE"":6.0,""PROTECTION_VALUE"":0.4232509389129588,""ROLE_POOL_COMPRESSION"":0.0,""THREAT_TO_OUR_PLAN_PORTFOLIO"":2.801845464783489}","[{""championId"":""seraphine"",""finalSearchScore"":0.16980850374352335},{""championId"":""camille"",""finalSearchScore"":0.04001867259720543},{""championId"":""mel"",""finalSearchScore"":-0.07244180415334156}]"
LCK-g2,2,RED,BAN,yone,162,1.1832101263399075,-0.05974793064085637,1.1234621956990511,"{""META_PRIORITY"":0.1375,""OPPONENT_AVAILABLE_VALUE"":26.616508313539192,""OPPONENT_EXPECTED_PICK_VALUE"":0.0,""OPPONENT_FLEX_VALUE"":0.5498604699081364,""OPPONENT_NEXT_PICK_DISTANCE"":5.0,""OPPONENT_PICK_PROBABILITY"":0.5498604699081364,""OPPONENT_REPLACEMENT_VALUE"":26.917903614457828,""OUR_LOST_PICK_OPPORTUNITY"":0.0,""OUR_NEXT_PICK_DISTANCE"":6.0,""PROTECTION_VALUE"":0.2781810133355622,""ROLE_POOL_COMPRESSION"":0.0,""THREAT_TO_OUR_PLAN_PORTFOLIO"":4.398883759265091}","[{""championId"":""akali"",""finalSearchScore"":1.0689909825589075},{""championId"":""kennen"",""finalSearchScore"":0.86487806281993},{""championId"":""vi"",""finalSearchScore"":0.8050536998624195}]"
LCK-g2,3,BLUE,BAN,mel,161,0.2849807285585039,-0.36761414079789534,-0.08263341223939141,"{""META_PRIORITY"":0.2,""OPPONENT_AVAILABLE_VALUE"":25.89680190930788,""OPPONENT_EXPECTED_PICK_VALUE"":0.0,""OPPONENT_FLEX_VALUE"":0.33870375114021173,""OPPONENT_NEXT_PICK_DISTANCE"":5.0,""OPPONENT_PICK_PROBABILITY"":0.33870375114021173,""OPPONENT_REPLACEMENT_VALUE"":26.70976439790576,""OUR_LOST_PICK_OPPORTUNITY"":0.27598062953995284,""OUR_NEXT_PICK_DISTANCE"":4.0,""PROTECTION_VALUE"":0.0,""ROLE_POOL_COMPRESSION"":0.0,""THREAT_TO_OUR_PLAN_PORTFOLIO"":1.274798347597172}","[{""championId"":""seraphine"",""finalSearchScore"":0.1845614604099542},{""championId"":""camille"",""finalSearchScore"":-0.11431260535134513},{""championId"":""pyke"",""finalSearchScore"":-0.2912324011811305}]"
LCK-g2,4,RED,BAN,akali,160,1.0572741038487208,-0.23658151322343474,0.820692590625286,"{""META_PRIORITY"":0.175,""OPPONENT_AVAILABLE_VALUE"":26.434599999999996,""OPPONENT_EXPECTED_PICK_VALUE"":0.0,""OPPONENT_FLEX_VALUE"":0.5316696385542168,""OPPONENT_NEXT_PICK_DISTANCE"":3.0,""OPPONENT_PICK_PROBABILITY"":0.5316696385542168,""OPPONENT_REPLACEMENT_VALUE"":26.917903614457828,""OUR_LOST_PICK_OPPORTUNITY"":0.11739000000000122,""OUR_NEXT_PICK_DISTANCE"":4.0,""PROTECTION_VALUE"":0.22504699292152686,""ROLE_POOL_COMPRESSION"":0.0,""THREAT_TO_OUR_PLAN_PORTFOLIO"":4.144607800945655}","[{""championId"":""kennen"",""finalSearchScore"":0.798693132866402},{""championId"":""vi"",""finalSearchScore"":0.7384271160602451},{""championId"":""anivia"",""finalSearchScore"":0.6734286078940223}]"
LCK-g2,5,BLUE,BAN,seraphine,159,0.5549760481977899,16.478620225765855,17.033596273963646,"{""META_PRIORITY"":0.2,""OPPONENT_AVAILABLE_VALUE"":25.745912408759125,""OPPONENT_EXPECTED_PICK_VALUE"":0.0,""OPPONENT_FLEX_VALUE"":0.32293214996682135,""OPPONENT_NEXT_PICK_DISTANCE"":3.0,""OPPONENT_PICK_PROBABILITY"":0.32293214996682135,""OPPONENT_REPLACEMENT_VALUE"":26.71659090909091,""OUR_LOST_PICK_OPPORTUNITY"":0.0,""OUR_NEXT_PICK_DISTANCE"":2.0,""PROTECTION_VALUE"":0.2117642833526169,""ROLE_POOL_COMPRESSION"":0.0,""THREAT_TO_OUR_PLAN_PORTFOLIO"":1.2150347034849078}","[{""championId"":""nautilus"",""finalSearchScore"":16.991987731095893},{""championId"":""camille"",""finalSearchScore"":16.923632824223795},{""championId"":""leona"",""finalSearchScore"":16.92176298847571}]"
LCK-g2,6,RED,BAN,kennen,158,0.8634338604347419,-6.648752114004921,-5.785318253570179,"{""META_PRIORITY"":0.15,""OPPONENT_AVAILABLE_VALUE"":26.16917283950617,""OPPONENT_EXPECTED_PICK_VALUE"":0.0,""OPPONENT_FLEX_VALUE"":0.0,""OPPONENT_NEXT_PICK_DISTANCE"":1.0,""OPPONENT_PICK_PROBABILITY"":0.47562257362316124,""OPPONENT_REPLACEMENT_VALUE"":27.21294710327456,""OUR_LOST_PICK_OPPORTUNITY"":0.0,""OUR_NEXT_PICK_DISTANCE"":2.0,""PROTECTION_VALUE"":0.0,""ROLE_POOL_COMPRESSION"":0.0,""THREAT_TO_OUR_PLAN_PORTFOLIO"":3.5671693021737094}","[{""championId"":""vi"",""finalSearchScore"":-5.848438424120575},{""championId"":""leblanc"",""finalSearchScore"":-5.8658018783880115},{""championId"":""anivia"",""finalSearchScore"":-5.904637941044961}]"
LCK-g2,7,BLUE,PICK,annie,157,34.45020914634147,-42.53139177715735,-8.081182630815881,"{""COMPOSITION_FIT"":3.9625000000000004,""COMPOSITION_RESPONSE"":0.0,""DENIAL"":5.614219512195124,""EARLY_POWER"":4.06,""FLEXIBILITY"":4.0,""FUTURE_FEASIBILITY"":10.0,""JUNGLE_CLEAR"":0.0,""LATE_POWER"":3.0,""MATCHUP"":0.0,""META_PRIORITY"":0.1625,""MID_POWER"":4.720000000000001,""PLAYER_FIT"":18.862439024390248,""RESOURCE_RISK"":0.0}","[{""championId"":""rumble"",""finalSearchScore"":-8.659035425305511},{""championId"":""leona"",""finalSearchScore"":-8.864194129014919},{""championId"":""ahri"",""finalSearchScore"":-8.877097035262096}]"
LCK-g2,8,RED,PICK,lux,156,34.40802392739274,6.332001038650684,40.74002496604342,"{""COMPOSITION_FIT"":4.5875,""COMPOSITION_RESPONSE"":0.17083333333333428,""DENIAL"":4.87252475247525,""EARLY_POWER"":2.775,""FLEXIBILITY"":4.0,""FUTURE_FEASIBILITY"":10.0,""JUNGLE_CLEAR"":0.0,""LATE_POWER"":3.39,""MATCHUP"":0.0,""META_PRIORITY"":0.1125,""MID_POWER"":5.04,""PLAYER_FIT"":19.111014851485148,""RESOURCE_RISK"":0.010000000000000054}","[{""championId"":""neeko"",""finalSearchScore"":41.057857745997765},{""championId"":""jhin"",""finalSearchScore"":40.420161184269375},{""championId"":""ezreal"",""finalSearchScore"":39.73647081551492}]"
LCK-g2,9,RED,PICK,jhin,155,34.49619729938272,-42.59189574350627,-8.095698444123549,"{""COMPOSITION_FIT"":5.757500000000006,""COMPOSITION_RESPONSE"":-0.9795138888888886,""DENIAL"":5.975962962962967,""EARLY_POWER"":2.6,""FLEXIBILITY"":4.0,""FUTURE_FEASIBILITY"":10.0,""JUNGLE_CLEAR"":0.0,""LATE_POWER"":3.51,""MATCHUP"":0.0,""META_PRIORITY"":0.2,""MID_POWER"":5.355,""PLAYER_FIT"":18.41395061728395,""RESOURCE_RISK"":0.0}","[{""championId"":""poppy"",""finalSearchScore"":-7.386281765720767},{""championId"":""sion"",""finalSearchScore"":-8.321984499178761},{""championId"":""corki"",""finalSearchScore"":-8.322251170075603}]"
LCK-g2,10,BLUE,PICK,gnar,133,35.20197456619088,6.960395187717747,42.16236975390862,"{""COMPOSITION_FIT"":4.837500000000004,""COMPOSITION_RESPONSE"":0.21527777777777857,""DENIAL"":6.008331234256925,""EARLY_POWER"":4.13,""FLEXIBILITY"":4.0,""FUTURE_FEASIBILITY"":10.0,""JUNGLE_CLEAR"":0.0,""LATE_POWER"":2.975,""MATCHUP"":0.0,""META_PRIORITY"":0.225,""MID_POWER"":4.64,""PLAYER_FIT"":18.841183879093197,""RESOURCE_RISK"":0.009999999999999964}","[{""championId"":""xin-zhao"",""finalSearchScore"":41.8396955630012},{""championId"":""qiyana"",""finalSearchScore"":41.742373421160565},{""championId"":""nocturne"",""finalSearchScore"":41.69425074327331}]"
LCK-g2,11,BLUE,PICK,nautilus,99,33.783308877347935,-24.251555725837804,9.53175315151013,"{""COMPOSITION_FIT"":1.1162500000000009,""COMPOSITION_RESPONSE"":2.668055555555556,""DENIAL"":6.716590909090911,""EARLY_POWER"":4.13,""FLEXIBILITY"":4.0,""FUTURE_FEASIBILITY"":10.0,""JUNGLE_CLEAR"":0.0,""LATE_POWER"":2.75,""MATCHUP"":0.030966783424155153,""META_PRIORITY"":0.2375,""MID_POWER"":4.84,""PLAYER_FIT"":18.260369318181823,""RESOURCE_RISK"":0.0}","[{""championId"":""poppy"",""finalSearchScore"":9.292014514730091},{""championId"":""rakan"",""finalSearchScore"":8.393020264892414},{""championId"":""galio"",""finalSearchScore"":8.174816340968771}]"
LCK-g2,12,RED,PICK,neeko,135,33.49457408173759,0.16839660091327072,33.66297068265086,"{""COMPOSITION_FIT"":3.627500000000005,""COMPOSITION_RESPONSE"":0.37858796296296227,""DENIAL"":0.0,""EARLY_POWER"":2.75,""FLEXIBILITY"":4.0,""FUTURE_FEASIBILITY"":10.0,""JUNGLE_CLEAR"":0.0,""LATE_POWER"":3.63,""MATCHUP"":0.04570614824326391,""META_PRIORITY"":0.225,""MID_POWER"":5.04,""PLAYER_FIT"":19.1072966507177,""RESOURCE_RISK"":0.05499999999999998}","[{""championId"":""rell"",""finalSearchScore"":32.38748193770697},{""championId"":""leona"",""finalSearchScore"":32.099099274216975},{""championId"":""bard"",""finalSearchScore"":31.80248513637405}]"
LCK-g2,13,RED,BAN,vi,151,0.5787243134488185,-0.14084851691245537,0.4378757965363631,"{""META_PRIORITY"":0.2375,""OPPONENT_AVAILABLE_VALUE"":26.343092783505156,""OPPONENT_EXPECTED_PICK_VALUE"":0.0,""OPPONENT_FLEX_VALUE"":0.0,""OPPONENT_NEXT_PICK_DISTANCE"":5.0,""OPPONENT_PICK_PROBABILITY"":0.38142856769061634,""OPPONENT_REPLACEMENT_VALUE"":26.728807106598993,""OUR_LOST_PICK_OPPORTUNITY"":0.48531958762886807,""OUR_NEXT_PICK_DISTANCE"":4.0,""PROTECTION_VALUE"":0.14302853902934473,""ROLE_POOL_COMPRESSION"":0.0,""THREAT_TO_OUR_PLAN_PORTFOLIO"":3.432857109215547}","[{""championId"":""pantheon"",""finalSearchScore"":0.5481715619978277},{""championId"":""hecarim"",""finalSearchScore"":0.36863897264587053},{""championId"":""qiyana"",""finalSearchScore"":0.3675547468853523}]"
LCK-g2,14,BLUE,BAN,nocturne,150,0.3489013127746816,0.3773167409936709,0.7262180537683525,"{""META_PRIORITY"":0.2375,""OPPONENT_AVAILABLE_VALUE"":26.221666666666664,""OPPONENT_EXPECTED_PICK_VALUE"":0.0,""OPPONENT_FLEX_VALUE"":0.0,""OPPONENT_NEXT_PICK_DISTANCE"":3.0,""OPPONENT_PICK_PROBABILITY"":0.5468258503401361,""OPPONENT_REPLACEMENT_VALUE"":26.553408163265303,""OUR_LOST_PICK_OPPORTUNITY"":0.8203541666666688,""OUR_NEXT_PICK_DISTANCE"":4.0,""PROTECTION_VALUE"":0.30138260523204796,""ROLE_POOL_COMPRESSION"":0.0,""THREAT_TO_OUR_PLAN_PORTFOLIO"":3.3863493226920114}","[{""championId"":""qiyana"",""finalSearchScore"":0.7131403412757743},{""championId"":""hecarim"",""finalSearchScore"":0.6946149158980152},{""championId"":""jarvan-iv"",""finalSearchScore"":0.6239370817914243}]"
LCK-g2,15,RED,BAN,pantheon,149,0.729524006824293,16.198861141811296,16.928385148635588,"{""META_PRIORITY"":0.2125,""OPPONENT_AVAILABLE_VALUE"":26.430227272727272,""OPPONENT_EXPECTED_PICK_VALUE"":0.0,""OPPONENT_FLEX_VALUE"":0.0,""OPPONENT_NEXT_PICK_DISTANCE"":3.0,""OPPONENT_PICK_PROBABILITY"":0.39014201661282794,""OPPONENT_REPLACEMENT_VALUE"":26.728807106598993,""OUR_LOST_PICK_OPPORTUNITY"":0.005470707070705317,""OUR_NEXT_PICK_DISTANCE"":2.0,""PROTECTION_VALUE"":0.30748118068915503,""ROLE_POOL_COMPRESSION"":0.0,""THREAT_TO_OUR_PLAN_PORTFOLIO"":2.1457810913705537}","[{""championId"":""qiyana"",""finalSearchScore"":16.754673664592772},{""championId"":""hecarim"",""finalSearchScore"":16.748560666414647},{""championId"":""elise"",""finalSearchScore"":16.735902222154685}]"
LCK-g2,16,BLUE,BAN,qiyana,148,0.5838222482793199,-6.665302006503747,-6.081479758224427,"{""META_PRIORITY"":0.175,""OPPONENT_AVAILABLE_VALUE"":24.92115270935961,""OPPONENT_EXPECTED_PICK_VALUE"":0.0,""OPPONENT_FLEX_VALUE"":0.0,""OPPONENT_NEXT_PICK_DISTANCE"":1.0,""OPPONENT_PICK_PROBABILITY"":0.4167744546094308,""OPPONENT_REPLACEMENT_VALUE"":26.553408163265303,""OUR_LOST_PICK_OPPORTUNITY"":0.16498953201970626,""OUR_NEXT_PICK_DISTANCE"":2.0,""PROTECTION_VALUE"":0.07823443058892787,""ROLE_POOL_COMPRESSION"":0.0,""THREAT_TO_OUR_PLAN_PORTFOLIO"":2.586717723592033}","[{""championId"":""xin-zhao"",""finalSearchScore"":-5.871868438457486},{""championId"":""hecarim"",""finalSearchScore"":-6.097689356987043},{""championId"":""jarvan-iv"",""finalSearchScore"":-6.455362836191165}]"
LCK-g2,17,RED,PICK,morgana,84,33.02137459150326,-41.73791167429806,-8.716537082794801,"{""COMPOSITION_FIT"":3.759999999999991,""COMPOSITION_RESPONSE"":1.3173611111111114,""DENIAL"":5.154264705882351,""EARLY_POWER"":2.775,""FLEXIBILITY"":4.0,""FUTURE_FEASIBILITY"":10.0,""JUNGLE_CLEAR"":0.40800000000000036,""LATE_POWER"":3.42,""MATCHUP"":0.0,""META_PRIORITY"":0.075,""MID_POWER"":5.175,""PLAYER_FIT"":16.807107843137253,""RESOURCE_RISK"":0.030000000000000072}","[{""championId"":""zyra"",""finalSearchScore"":-8.06210412290568},{""championId"":""brand"",""finalSearchScore"":-8.747806618084986},{""championId"":""xin-zhao"",""finalSearchScore"":-9.321939861032739}]"
LCK-g2,18,BLUE,PICK,maokai,68,33.15288529566439,7.027347591379257,40.180232887043644,"{""COMPOSITION_FIT"":3.351249999999993,""COMPOSITION_RESPONSE"":2.3473090277777775,""DENIAL"":0.0,""EARLY_POWER"":3.6399999999999997,""FLEXIBILITY"":4.0,""FUTURE_FEASIBILITY"":10.0,""JUNGLE_CLEAR"":0.0,""LATE_POWER"":2.9,""MATCHUP"":-0.007826022673683042,""META_PRIORITY"":0.175,""MID_POWER"":4.4,""PLAYER_FIT"":18.253571428571426,""RESOURCE_RISK"":0.05999999999999996}","[{""championId"":""poppy"",""finalSearchScore"":39.92571492643157},{""championId"":""kalista"",""finalSearchScore"":39.83905202770589},{""championId"":""sejuani"",""finalSearchScore"":39.12593634742305}]"
LCK-g2,19,BLUE,PICK,kalista,25,33.156730488682456,-23.396525500655706,9.76020498802675,"{""COMPOSITION_FIT"":3.6637500000000074,""COMPOSITION_RESPONSE"":-0.34331597222222143,""DENIAL"":0.0,""EARLY_POWER"":4.4799999999999995,""FLEXIBILITY"":4.0,""FUTURE_FEASIBILITY"":10.0,""JUNGLE_CLEAR"":0.0,""LATE_POWER"":2.425,""MATCHUP"":-0.028440199716467163,""META_PRIORITY"":0.1375,""MID_POWER"":4.88,""PLAYER_FIT"":18.821573604060912,""RESOURCE_RISK"":0.0}","[{""championId"":""xayah"",""finalSearchScore"":8.855927066701653},{""championId"":""taliyah"",""finalSearchScore"":8.656260702426462},{""championId"":""sivir"",""finalSearchScore"":8.41081871089385}]"
LCK-g2,20,RED,PICK,jayce,48,32.11562850787653,0.0,32.11562850787653,"{""COMPOSITION_FIT"":5.292500000000004,""COMPOSITION_RESPONSE"":-0.2847916666666652,""DENIAL"":0.0,""EARLY_POWER"":2.925,""FLEXIBILITY"":4.0,""FUTURE_FEASIBILITY"":10.0,""JUNGLE_CLEAR"":0.0,""LATE_POWER"":3.3,""MATCHUP"":-0.030275269159005802,""META_PRIORITY"":0.2375,""MID_POWER"":5.625,""PLAYER_FIT"":15.951612903225808,""RESOURCE_RISK"":0.0}","[{""championId"":""sion"",""finalSearchScore"":32.49517430646626},{""championId"":""rumble"",""finalSearchScore"":32.04869967153711},{""championId"":""quinn"",""finalSearchScore"":31.634320332017193}]"
