kind,blue,red,seed,game,durationSeconds,kills,firstKillSeconds,firstKillSource,winner,endReason,baseReturn,baseDefense,grubs,herald,heraldCharges,initialBlue,initialRed,finalBlue,finalRed,draftIdentity,outputHash,executionSeconds
fresh,GEN,T1,91008011,1,2250,31,250,SKIRMISH,RED,NEXUS_DESTROYED,26,2,3,1,1,POKE_SIEGE,FRONT_TO_BACK,POKE_SIEGE,FRONT_TO_BACK,f7bb1ae520a620078d87e6ac7debe6fd959707f66e8dc770f20ff21cf8d1ae43,fc695d8b798ee836f4b449fb094cdf0074ee4645dabe8ce309dd4f903d74c84f,7.109
fresh,GEN,T1,91008023,1,1540,21,60,SKIRMISH,BLUE,NEXUS_DESTROYED,25,1,3,1,3,DIVE,POKE_SIEGE,DIVE,POKE_SIEGE,77a5de7f59900ad63719ec432792be431ca7d380cfee630c11199e723b88b2c5,b002fd1ca52df1e48ef8397aef87a1e66f91f95b7d16e5d52c0e792c4650f34c,4.964
fresh,GEN,T1,91008037,1,1540,16,700,OBJECTIVE_FIGHT,BLUE,NEXUS_DESTROYED,25,3,3,1,3,PICK_CONTROL,FRONT_TO_BACK,PICK_CONTROL,FRONT_TO_BACK,708ee4776a97d69b8ddcb43282dfddf4bef0a6e96a317c7c911cef56ca3387dc,cc894a6a5d1fad2efca1dbf4cec3851e13c2d51aec42659d76992bb2ce086b20,5.45
fresh,GEN,T1,91008051,1,1520,16,240,ROAM,BLUE,NEXUS_DESTROYED,32,1,2,1,1,PICK_CONTROL,POKE_SIEGE,PICK_CONTROL,POKE_SIEGE,583164717e7121acde8eff6c464b0458dbeffe6fd4c8975967746ca22de3f3b1,f0f28d7d66853b8e0da60c90ef225646f9f84449f7ea1f42d6c97b0d9b1a23c6,4.523
fresh,GEN,T1,91008067,1,1310,20,60,SKIRMISH,BLUE,NEXUS_DESTROYED,17,3,3,1,3,POKE_SIEGE,POKE_SIEGE,POKE_SIEGE,POKE_SIEGE,aa42a79a085ea56518314220de7e6439bef5f57f0393ed614fe9cc4e6287f304,c28cecbef7d29a721bb4d661d85679bc03bf8b4bc805956a9cab666b9a97e779,4.637
fresh,GEN,T1,91008081,1,1780,28,160,SKIRMISH,RED,NEXUS_DESTROYED,25,2,3,1,3,DIVE,POKE_SIEGE,DIVE,POKE_SIEGE,fc650cd09742c8de64f54944916fe4ee18bb827e61ad3e7b7d64a4b8aea096e3,aff32ce9c85b6fccba273ee5e82b9c1cc3699db8f9894c44eadb2fc5e60bd78d,4.677
fresh,GEN,T1,91008097,1,1640,17,140,SKIRMISH,BLUE,NEXUS_DESTROYED,19,0,3,1,1,POKE_SIEGE,FRONT_TO_BACK,POKE_SIEGE,FRONT_TO_BACK,2594dd87148ae823c6247b5f4642bffd59f27b1acf41a4e530fea3fab457bd97,fead41d6ba6c50c0acf1848491cd4e39f49f7ce03b42309cb8898d4a76ee959e,4.672
fresh,GEN,T1,91008113,1,1530,18,210,SKIRMISH,BLUE,NEXUS_DESTROYED,17,1,3,1,3,DIVE,FRONT_TO_BACK,DIVE,FRONT_TO_BACK,e2d5aafb15067c657094c9b75fe73fabeb1755963b922ce698e67433c34585a8,06bed2d5ebb040778a77292b97df3386dfcd38f20362b0b1577fec7609bd81b6,5.122
fresh,T1,GEN,91008011,1,1990,26,250,SKIRMISH,RED,NEXUS_DESTROYED,43,7,3,1,1,POKE_SIEGE,DIVE,POKE_SIEGE,DIVE,9b674a6e1cb23acb49e33705507a3e8b40a9e7e987300fbb222a2b9778b69abf,15bcdcc96fe620e5a6c6caffa05ac53186131f8181f1e89a982c1cd0361d2b2d,5.46
fresh,T1,GEN,91008023,1,1870,18,60,SKIRMISH,RED,NEXUS_DESTROYED,29,1,3,1,3,POKE_SIEGE,PICK_CONTROL,PICK_CONTROL,PICK_CONTROL,a77c02192292023003b039161e8a8c3f8237dfc1df972a302ea2bce50e6598f5,d6e287d27867c059d92a860e72c2848ce4ae24841e9e68c6beda63633dd1331f,5.094
fresh,T1,GEN,91008037,1,1640,16,570,SKIRMISH,RED,NEXUS_DESTROYED,28,2,3,1,3,POKE_SIEGE,PICK_CONTROL,PICK_CONTROL,PICK_CONTROL,b9566f2815820b813982d0c87edfe4d9d2600ef87899844a2ad32423f73807f8,94d1e712585af2422069084c21f6c5e9719ca4b70fb3abb24a20e75c7c50af93,5.276
fresh,T1,GEN,91008051,1,1540,17,240,ROAM,RED,NEXUS_DESTROYED,27,3,3,1,3,PICK_CONTROL,PICK_CONTROL,PICK_CONTROL,DIVE,324ecec8934b8804fcbdcad113750059729b1d0d16a093477dd56ecc52d9a202,3adac25102dedb6d7929d3f5d39ea1a1bf057d13a201732fe2a80517dbb9686a,5.678
fresh,T1,GEN,91008067,1,1970,15,60,SKIRMISH,RED,NEXUS_DESTROYED,40,4,3,1,1,POKE_SIEGE,DIVE,POKE_SIEGE,DIVE,628787b50d20d27a8de6761e22a7aa72ed08b00a63fb753d3ec9da3f2a22dcba,00331e651943a6915812ea5dac162278a3783bc3c7e6ba9ce4e6fb3d02a5cb0b,5.74
fresh,T1,GEN,91008081,1,2600,36,160,SKIRMISH,BLUE,NEXUS_DESTROYED,63,6,3,1,3,PICK_CONTROL,PICK_CONTROL,PICK_CONTROL,FRONT_TO_BACK,b062912e24c9112b3ca875d4ee3b49974c4c9943766fea1cb71c356662f44e45,50e5b36c123644f1377161525540297384fe7802ed53efda6db4bab7cd47f003,7.094
fresh,T1,GEN,91008097,1,2360,28,140,SKIRMISH,RED,NEXUS_DESTROYED,53,5,3,1,3,DIVE,POKE_SIEGE,DIVE,POKE_SIEGE,0bc6fba09ee0327e07965bc724a8a39f0051b96723d863de316e8b0feeff071d,32af3151d7fa7b0ec97fec51cafc8dc5ff908215f15d66fc461118207e774efb,7.485
fresh,T1,GEN,91008113,1,1940,17,210,SKIRMISH,RED,NEXUS_DESTROYED,50,2,3,1,3,POKE_SIEGE,POKE_SIEGE,FRONT_TO_BACK,DIVE,a489e05d62ddca818f107a5fc60816bd8930e8bfa0c5970b98f5a5dcc47e7335,3ff8de75844021f1d8cc7374cceda45961fa4870a15e8aae79c61b89030282aa,7.037
fresh,HLE,GEN,91008011,1,4240,54,250,SKIRMISH,RED,NEXUS_DESTROYED,135,8,3,1,3,PICK_CONTROL,PICK_CONTROL,PICK_CONTROL,PICK_CONTROL,145c8bffd25dde05adbe09a669c9711b8d8514a6ea5e48e9822ed8c124747644,784989f3c7dbfbcd16699d530d796041d45d9bb00aaf967aa8664dc26acf7a38,9.879
fresh,HLE,GEN,91008023,1,1350,17,60,SKIRMISH,RED,NEXUS_DESTROYED,14,1,3,1,3,POKE_SIEGE,POKE_SIEGE,POKE_SIEGE,POKE_SIEGE,00f5f0f78434ea63cef442f9efb121b507b5fc253c26eece121125d24ef8db2e,968a5bd4bbaf1fdedc2f1cb1139259a2cfdcd83038b4f8eb8746f479d70a0715,5.359
fresh,HLE,GEN,91008037,1,2030,23,610,OBJECTIVE_FIGHT,BLUE,NEXUS_DESTROYED,27,3,3,1,3,POKE_SIEGE,POKE_SIEGE,POKE_SIEGE,PICK_CONTROL,1a6340210a1d7a7584deca95af9c86dc5c6b7c4628675f7c149d01b18f525dc8,ffa5d246a3e078852195a64320ebffa61365655c981c76a5e2d95f5425196b3e,5.49
fresh,HLE,GEN,91008051,1,2980,52,240,ROAM,BLUE,NEXUS_DESTROYED,62,4,3,1,1,DIVE,POKE_SIEGE,DIVE,PICK_CONTROL,75bce4567ff3d64f5645e2383acc818d280e95906b9aa39641faf5dcc212ef94,eca47635785b7174fa8b282af8001d3731aad8e88e9e22a1d7f8219e623f061e,5.833
fresh,HLE,GEN,91008067,1,2030,14,60,SKIRMISH,BLUE,NEXUS_DESTROYED,45,3,3,1,3,PICK_CONTROL,POKE_SIEGE,PICK_CONTROL,POKE_SIEGE,a5f4965aba6cec5fc65854c316456424ed928def2355925b4d2bf3145ce4a5e3,5e5916ea6eb78e10c55a1f2bae59069c1ca0e4199945182d0c70c1322eef00e5,5.012
fresh,HLE,GEN,91008081,1,2130,14,160,SKIRMISH,BLUE,NEXUS_DESTROYED,40,0,3,1,1,POKE_SIEGE,POKE_SIEGE,POKE_SIEGE,FRONT_TO_BACK,ad2210efbb6653ef59e80885b30e2096d8be36dcb143f44a6cbb11736a6ba49b,93e188feacdeaba5c08d75386480063b7e0dd41698e0d14eb01996dc8c8301ee,9.357
fresh,HLE,GEN,91008097,1,2070,26,140,SKIRMISH,BLUE,NEXUS_DESTROYED,31,3,3,1,1,POKE_SIEGE,POKE_SIEGE,DIVE,POKE_SIEGE,cb0b7ac448dd1d44fae2c2a5bf23de2e5fbf66ca32caf3972793f0226a73da70,fc6e54bbc5543b3d011f93bba801930766bde2386bdb1d0da0274df29cee6caa,10.493
fresh,HLE,GEN,91008113,1,1980,17,210,SKIRMISH,RED,NEXUS_DESTROYED,11,1,3,1,3,DIVE,DIVE,DIVE,DIVE,485cb171f9186a9836c334edb965c7e1922a9c54a64a308e07abcee1c5cc9aba,ab56cd0a5ff43f282030c1c3eff5c4248abf226b3368abbc0f5509eeadf5c301,7.021
fresh,GEN,HLE,91008011,1,2360,31,250,SKIRMISH,RED,NEXUS_DESTROYED,71,5,3,1,3,PICK_CONTROL,PICK_CONTROL,PICK_CONTROL,PICK_CONTROL,e6783f5657de053c3adbd85a32dba3df4e79fce274b78ad7bd25c3492f127a2a,f07145dd5c41934015bce7dd421df2108b52c8048b1d15aff119e9726b3d87ed,6.898
fresh,GEN,HLE,91008023,1,1360,19,60,SKIRMISH,RED,NEXUS_DESTROYED,15,2,3,1,3,FRONT_TO_BACK,POKE_SIEGE,FRONT_TO_BACK,POKE_SIEGE,f06e9b3b85addedfc0b5397914b58845f206b5f0d1fd8411a1fa66e4eed1b608,2a06cea183e1a2efdab65c12b1d7d2acc83c04bb28539807f02fceb8c40da7ab,7.895
fresh,GEN,HLE,91008037,1,2270,30,550,OBJECTIVE_FIGHT,RED,NEXUS_DESTROYED,36,5,3,1,3,POKE_SIEGE,POKE_SIEGE,POKE_SIEGE,POKE_SIEGE,6c0f82b6afe84a7896e985f3012a9c414a96e0aa77b7d0428514cf64873755d1,793b010e066935244d8693d52bd161b957fb60549ed38feae31572ceb280a79a,8.484
fresh,GEN,HLE,91008051,1,2020,17,240,ROAM,BLUE,NEXUS_DESTROYED,33,1,3,1,3,POKE_SIEGE,PICK_CONTROL,PICK_CONTROL,PICK_CONTROL,c50d125b5769d85970c065ff7b05ba0edacf391afe0e0eaa2d8b8f5533fc9ede,67a662cca755f56329bf97f08ec5ad026a4dd6fdf672f73918afb7716fd2ba21,6.786
fresh,GEN,HLE,91008067,1,1830,24,60,SKIRMISH,RED,NEXUS_DESTROYED,22,1,3,1,3,PICK_CONTROL,POKE_SIEGE,PICK_CONTROL,PICK_CONTROL,ab4b4c5e6fd4a85bef3e72cc3aaf9d92e98ebbad3225101759ab1f5022e2d46b,14061c1465d29185958f38ed8e03da9e65b4ae4a2b9e0a9f1e907e1bfdf36921,6.689
fresh,GEN,HLE,91008081,1,1780,18,160,SKIRMISH,BLUE,NEXUS_DESTROYED,23,1,3,1,3,DIVE,DIVE,DIVE,PICK_CONTROL,1d1bf9685a07bf1e6d59a8218349647e712ebc85eb9b8cde7ab7fc36647fc98c,55027f5a804981cbae2f8cfdf2351334424fefd52ac2f347d3146685e370478e,5.831
fresh,GEN,HLE,91008097,1,2600,42,140,SKIRMISH,RED,NEXUS_DESTROYED,64,8,3,1,3,POKE_SIEGE,FRONT_TO_BACK,POKE_SIEGE,FRONT_TO_BACK,e8432abccf43fd284baa5a637b90c6f469a98c4ec63a4c270949b252b9123c28,35de4d327e6f7f28eb36e29aa2fcea606b519cea650437ba6de9733e59479032,6.804
fresh,GEN,HLE,91008113,1,2650,38,210,SKIRMISH,RED,NEXUS_DESTROYED,67,5,3,1,3,DIVE,POKE_SIEGE,DIVE,POKE_SIEGE,caaff411317cf1031a346f3808a1abfe87be64d42c4316e814e617d923944977,91478951b9911210ad8818781499817cc1737bebfc942f6605dbd957e1deb6bc,5.357
fresh,KT,DK,91008011,1,1640,24,250,SKIRMISH,RED,NEXUS_DESTROYED,39,1,3,1,3,PICK_CONTROL,PICK_CONTROL,PICK_CONTROL,PICK_CONTROL,b14ebff6bf8950eb627bdc5a310de03ebf4b561ab0d8842c934c514abf5e1f7c,fce3f49167e4f781e7c98071fa16cb457c088fd9aecd85dcec38ccbfd13a4a0c,4.914
fresh,KT,DK,91008023,1,2470,30,60,SKIRMISH,RED,NEXUS_DESTROYED,67,4,3,1,3,POKE_SIEGE,POKE_SIEGE,PICK_CONTROL,POKE_SIEGE,795f9a8a4dc294dac7f425559886dd88b7221144a70d25c63be694dd1eb4187e,8fb9e55cf7448609c420876c742aca79d80574228f3421405e475cd3d9392f2f,5.648
fresh,KT,DK,91008037,1,1510,9,570,SKIRMISH,RED,NEXUS_DESTROYED,20,1,3,1,3,POKE_SIEGE,POKE_SIEGE,PICK_CONTROL,POKE_SIEGE,fb1eb28786ae997c5788b5db69ed79f468b49d231a2ea9c26094d2e1f81f2f00,59024186022436aea2a19561703e885ca78b39ab34c445d5d3138390c314c134,5.869
fresh,KT,DK,91008051,1,1710,24,240,ROAM,RED,NEXUS_DESTROYED,28,1,3,1,3,FRONT_TO_BACK,POKE_SIEGE,FRONT_TO_BACK,POKE_SIEGE,9ad945366725f311b90efc3f318e540ae764886b65f6a2a25cadc1c218eac7e2,857740d2823a6ad714ac6d921a57376ae4c275fd7a6ef8132373d6d6bf6cd8be,4.933
fresh,KT,DK,91008067,1,1630,14,60,SKIRMISH,BLUE,NEXUS_DESTROYED,22,2,3,1,3,PICK_CONTROL,PICK_CONTROL,FRONT_TO_BACK,FRONT_TO_BACK,0ba5ac99ee5c9d14f3e335c054589ed090526f898a5595d740f3ae6d817c0846,b492588afc2bb7e32d26bb48dfecf88b30825580b406c4dc86b4378325bdb279,6.0
fresh,KT,DK,91008081,1,2440,29,160,SKIRMISH,BLUE,NEXUS_DESTROYED,50,2,3,1,3,DIVE,PICK_CONTROL,DIVE,PICK_CONTROL,ace403c89f7d615837afcb9febae55c330fa8fc26679247b84b7763167401719,019be33d9e49e81cc1b28a37b01518bf315918148ba43599f2d8092482e69b84,5.35
fresh,KT,DK,91008097,1,2490,30,140,SKIRMISH,RED,NEXUS_DESTROYED,48,6,2,1,3,POKE_SIEGE,PICK_CONTROL,POKE_SIEGE,PICK_CONTROL,a5d5e8a5bbe1daddecfa64fbdeebedac63029d9dcb1fd40e5734679f4cc9fc29,328beebbe9ee3c21d20a5dccd1787663a017e95501334dd525b8b5c2d9b35389,5.916
fresh,KT,DK,91008113,1,1820,21,210,SKIRMISH,RED,NEXUS_DESTROYED,54,3,3,1,1,POKE_SIEGE,POKE_SIEGE,POKE_SIEGE,POKE_SIEGE,848992c914e6d5b60b48c3316d4ffcd16657d03abc670992d588abee15996b21,76d8720a2fda7f113da11a7fa4266993eb0f3b8041d692df9170f230e0ad33a7,6.099
fresh,DK,KT,91008011,1,2190,32,250,SKIRMISH,RED,NEXUS_DESTROYED,56,5,3,1,3,PICK_CONTROL,PICK_CONTROL,PICK_CONTROL,PICK_CONTROL,217d9049d6f9620c38763097535542f1341f3726e13b2bf49bc7402c3f2d13ca,bbf9783b02cb3274eb41096800031849e279915a380fb61237d0d324a855a113,5.632
fresh,DK,KT,91008023,1,1820,33,60,SKIRMISH,BLUE,NEXUS_DESTROYED,41,4,3,1,0,POKE_SIEGE,POKE_SIEGE,POKE_SIEGE,POKE_SIEGE,d176f7980e90d648cb45aaa496ed145eafdb105f8227236c5838d8832fdb7692,c24fcb0dd6af7c308bebf2e28e0962ecf6ce6b4c574596dd1dcb057a492df106,5.981
fresh,DK,KT,91008037,1,2030,24,580,OBJECTIVE_FIGHT,RED,NEXUS_DESTROYED,17,1,3,1,1,PICK_CONTROL,DIVE,PICK_CONTROL,DIVE,c9c1680ba94165621dfc7e450f8be1bc04c4767f4606bd640a3f205d67b7270b,bbdcdf698028db7d08af5fc3fc48a750fac364f54a0dc1ed5eb0c2d11f9cf015,5.071
fresh,DK,KT,91008051,1,2420,39,240,ROAM,RED,NEXUS_DESTROYED,66,3,3,1,2,POKE_SIEGE,PICK_CONTROL,POKE_SIEGE,PICK_CONTROL,072316f807be1139e774863808b8ea6686b82e61d99c2b1cc73fae84c8137fb1,d7c0743bcde5630119f448dcd227616caa0abc86a1b82f1352f418bd9a41ffc1,5.814
fresh,DK,KT,91008067,1,1730,21,60,SKIRMISH,BLUE,NEXUS_DESTROYED,30,2,2,1,1,POKE_SIEGE,POKE_SIEGE,POKE_SIEGE,PICK_CONTROL,07d3a2076e72dbeadac9273822052ef8019dd284d50d5f7833d11ad866bc4297,71944b0de5351ad658033f1e086bf04002cfc43353c7f6c7726b3ee32011a4c3,5.238
fresh,DK,KT,91008081,1,1420,13,160,SKIRMISH,BLUE,NEXUS_DESTROYED,14,2,3,1,3,PICK_CONTROL,POKE_SIEGE,PICK_CONTROL,POKE_SIEGE,0f46aab1f02286cfa9f5ea172bc79b0a85fd4ee18741b5667348b57e7f96b3d7,083b3cbeb7f5367338108a34e80bbada065414352966fedeb5852efa9f393b17,5.882
fresh,DK,KT,91008097,1,2030,27,140,SKIRMISH,BLUE,NEXUS_DESTROYED,76,6,3,1,3,POKE_SIEGE,PICK_CONTROL,POKE_SIEGE,PICK_CONTROL,f864cd145a4274eeb331d12969d06ec65b9d2749726566dfa47112ecaa246cfa,008ad87868400baaf5e21b72a6481ec68330d85c3068af5116be89e416e8d407,5.467
fresh,DK,KT,91008113,1,1900,14,210,SKIRMISH,RED,NEXUS_DESTROYED,23,2,2,1,3,POKE_SIEGE,DIVE,POKE_SIEGE,FRONT_TO_BACK,41830824c56b8cdadbf72798f8758269292fd97bb7222d4ccbe2b337c82ba33e,49a756c360989cebf0255647a66af8f8fa24bc67da068d652e764647f8399d56,5.24
fresh,T1,KRX,91008011,1,2890,46,250,SKIRMISH,RED,NEXUS_DESTROYED,53,8,3,0,0,DIVE,POKE_SIEGE,DIVE,POKE_SIEGE,e27d4c4bd30eff6ea65922733ec60b916ba99fac40bf22205c49aa3cf33d6f6d,a1ad1f7ca157446621ce0110e725a1d0d8867c3861e1f7cf2d730f961c9e45c9,5.62
fresh,T1,KRX,91008023,1,2290,24,60,SKIRMISH,RED,NEXUS_DESTROYED,55,2,3,1,3,DIVE,POKE_SIEGE,PICK_CONTROL,POKE_SIEGE,60cf4c52bd35e525c083873b3e770b71a3a6b113515add218ce42a5f776ed5e2,e04396c95bd802c967de710b827552e435af091db38856c4cd6c438b10ce0eb6,5.501
fresh,T1,KRX,91008037,1,1680,8,580,OBJECTIVE_FIGHT,BLUE,NEXUS_DESTROYED,10,0,3,1,3,POKE_SIEGE,POKE_SIEGE,POKE_SIEGE,POKE_SIEGE,9996358b1c8057161f46e43b7ccb161a2f164c86310e254c961c6594365e3d56,c970c73319c9600a47fd4c829aca609039bb862aa39fb3ad15c29ef225fe9509,5.555
fresh,T1,KRX,91008051,1,1580,17,240,ROAM,RED,NEXUS_DESTROYED,20,1,1,0,0,POKE_SIEGE,DIVE,POKE_SIEGE,DIVE,88cb1fc9cbf3d0e4e87c2d7f0bcb01e27e1463dca9184b0603085b356f760344,856a2830fd487b7726e134aac7bfd96b450242ffe96bce9fedb1cac903bca08b,5.418
fresh,T1,KRX,91008067,1,1690,10,60,SKIRMISH,BLUE,NEXUS_DESTROYED,14,0,1,1,3,DIVE,PICK_CONTROL,DIVE,PICK_CONTROL,cc5c5f0524521d0e406d9bb96f5669f29988cd86717573885ab552925b4adac0,f6c7621db0a03eff3aed1397b3ec6cc7c7cba02dca125b9e11ad2b1fe75df6a9,4.845
fresh,T1,KRX,91008081,1,2080,27,160,SKIRMISH,BLUE,NEXUS_DESTROYED,60,4,3,1,3,POKE_SIEGE,POKE_SIEGE,FRONT_TO_BACK,POKE_SIEGE,0bcb1970278bdeda4024a1b95b2210b22c142c3a4c893f7e507907fe60270999,27c7923da4c8dc8ddf11c5ba7c7600dee81497edfa8c42b2be8996e5522c67b7,6.547
fresh,T1,KRX,91008097,1,1920,25,140,SKIRMISH,BLUE,NEXUS_DESTROYED,11,1,3,1,1,POKE_SIEGE,POKE_SIEGE,POKE_SIEGE,POKE_SIEGE,9b1e8392bd820621e45273df8091d414cd5151ac948edbad0cf09a8801c21617,e0ae83c0cdba523b2102cb5e56745e0753baa67da9945f32a803290410cec6f3,5.251
fresh,T1,KRX,91008113,1,2290,38,210,SKIRMISH,BLUE,NEXUS_DESTROYED,47,7,3,1,3,DIVE,POKE_SIEGE,DIVE,FRONT_TO_BACK,a6138e29fab55b46ad534b406f8cb591582e91d5b6b2c37f750c2853b52c9322,ee1e3194fa686e52fafc1c905657c87d3980d8f748bf79601130b340664f311a,5.218
fresh,KRX,T1,91008011,1,1490,16,250,SKIRMISH,RED,NEXUS_DESTROYED,25,1,3,1,1,POKE_SIEGE,POKE_SIEGE,PICK_CONTROL,POKE_SIEGE,cae95e222d29bc701e64815d3cc36814b19ffe7d56f3918418758371a0667073,e177bd801295c601570209b0d8c9fccd1ee873c4b0058c7f31680660c5f8cc23,6.148
fresh,KRX,T1,91008023,1,1760,21,60,SKIRMISH,RED,NEXUS_DESTROYED,32,3,3,1,1,POKE_SIEGE,PICK_CONTROL,FRONT_TO_BACK,PICK_CONTROL,07bda8c565c5d6a9f3b70d0f93ddefa74fa8c2536ff79356421815914a980e47,fb2dda008525ba5e5c5ff03d8712be8b1f9b8e3756a85cc12242c1ab6e7efb35,6.574
fresh,KRX,T1,91008037,1,1660,12,570,SKIRMISH,RED,NEXUS_DESTROYED,35,4,3,1,1,POKE_SIEGE,POKE_SIEGE,FRONT_TO_BACK,PICK_CONTROL,e53a7a6854ea2ca44399a2d1c84b9208ea6df1534552ce7e0bb7936ae7407b55,ac21fd26e1ee5de1b1f47181bffb7975f3d6755a300e3fe524f20450db75cb27,5.424
fresh,KRX,T1,91008051,1,1940,36,240,ROAM,RED,NEXUS_DESTROYED,25,0,3,0,0,PICK_CONTROL,POKE_SIEGE,FRONT_TO_BACK,POKE_SIEGE,ee90612d0179ac520289cf460af2724e9ac69d42efae4609c93fcdaf72b24547,83b7b9d0687265aa74b6bb0c09d6a8ac1a192f300c17da6daeadc34e77a1b0e2,5.389
fresh,KRX,T1,91008067,1,2300,34,60,SKIRMISH,RED,NEXUS_DESTROYED,48,6,3,1,1,PICK_CONTROL,DIVE,PICK_CONTROL,FRONT_TO_BACK,f7a6674d0b943b10b337fd637c0250fb5501452b00c0a73277865b27a3734919,3b638a28bde67405ab1b4ee7c96ba03ee58010e36b193f8c2b0b7627bbe6ae4c,5.45
fresh,KRX,T1,91008081,1,2000,9,160,SKIRMISH,BLUE,NEXUS_DESTROYED,40,2,3,1,3,POKE_SIEGE,PICK_CONTROL,PICK_CONTROL,PICK_CONTROL,ea18228118f2b40d29b9775cfb0e7e20b21694c5c4a827de2ee7e61c289b0ab1,565954a09c82d831b3ceb509d594215fc12b21d283bc21b5926736daacdddb20,5.273
fresh,KRX,T1,91008097,1,1370,18,140,SKIRMISH,RED,NEXUS_DESTROYED,30,4,3,1,1,POKE_SIEGE,POKE_SIEGE,POKE_SIEGE,FRONT_TO_BACK,cf802925cec9d982fcce20577485873ad45eab9c24637221655b9dfc4e6a9743,8cc943a5b8a0a37b7d243afcf058f02385f2a90c7e39988e17af736022e447cc,5.446
fresh,KRX,T1,91008113,1,1390,11,210,SKIRMISH,RED,NEXUS_DESTROYED,25,2,3,1,3,POKE_SIEGE,FRONT_TO_BACK,POKE_SIEGE,FRONT_TO_BACK,16a03285e26db8c03dda51c5aff7c82cf70d2463f19387c0b5bbc47fbbe1e43e,97c045f1896c871290eefb9089e528adb1c09f1fef65fab2e863967edc2cfab5,5.124
fearless5,T1,GEN,92008001,1,2140,23,180,LANE_COMBAT,RED,NEXUS_DESTROYED,21,2,3,1,3,PICK_CONTROL,PICK_CONTROL,PICK_CONTROL,PICK_CONTROL,f0d78158dbbad96e2ca88c73d037d3c7a6397797dab93b0e0f5d8c96ef2d76ad,49cd74a134787eb1074fa74b438bf993b45da84b72250a418d3838e201674dce,6.004
fearless5,GEN,T1,92008002,2,1640,16,130,SKIRMISH,RED,NEXUS_DESTROYED,18,1,2,1,3,PICK_CONTROL,POKE_SIEGE,PICK_CONTROL,POKE_SIEGE,7e6b6f003f3185a0373e921e7e8ae19feee56f365c3e7360a71f3c43a60be3cc,7d82c4d59842c94a2ebdf313e18e95e2503df656f50e864977ea9eadabe7721b,4.961
fearless5,T1,GEN,92008003,3,1900,18,170,SKIRMISH,BLUE,NEXUS_DESTROYED,32,2,3,1,3,DIVE,PICK_CONTROL,DIVE,FRONT_TO_BACK,4a0dcbc912512fe8c403bb0732369ff229ed7db19f783c7499f3780b54a0681a,23cdeed08c38ad5508798a72049f6fb33eb5cf62026ce2ae12ac79b2fb724cb4,5.368
fearless5,GEN,T1,92008004,4,1850,22,90,SKIRMISH,BLUE,NEXUS_DESTROYED,34,3,3,1,3,POKE_SIEGE,POKE_SIEGE,POKE_SIEGE,POKE_SIEGE,5e1686d6362b9dc66bf368cac7aa920d755c080a29c7c4d45a20cc829d7bb491,67912f59a6cb245d68f0604659a1e54675c95e7c62029c7aa3cb763caaa4e0aa,5.558
fearless5,T1,GEN,92008005,5,1720,30,110,SKIRMISH,BLUE,NEXUS_DESTROYED,27,2,3,1,1,DIVE,POKE_SIEGE,FRONT_TO_BACK,FRONT_TO_BACK,b514d0341bce8f5af74f093a509c32672458d97912bd9714757cfc7ec2da79c2,d9e6c44c2d6c883748c5708744cc2c3929751dd5359d0ade5f041233053235fd,8.33
fearless5,DK,KT,92008001,1,1920,14,180,LANE_COMBAT,BLUE,NEXUS_DESTROYED,22,3,2,1,1,POKE_SIEGE,DIVE,POKE_SIEGE,DIVE,4f0304518e3b722da70537e74c32aa349a56f242615f9cc4f26991708f1b7c87,7ac7cefe3e18e46fc5fdfec940a816a82ec7b4c77319cecaf980c8e67d177017,7.483
fearless5,KT,DK,92008002,2,1250,11,130,SKIRMISH,RED,NEXUS_DESTROYED,33,1,2,1,3,PICK_CONTROL,POKE_SIEGE,PICK_CONTROL,DIVE,46331d0f1c6c32f2dff08310915bc8a47915697fbee1bb6d1d361aa6eaff604d,b670cb29711c4f9f95b060a4a6641cdf2374ef01182de6c64450c824e954a295,6.142
fearless5,DK,KT,92008003,3,1790,24,170,SKIRMISH,RED,NEXUS_DESTROYED,27,6,3,1,3,DIVE,POKE_SIEGE,FRONT_TO_BACK,POKE_SIEGE,cb750d1d664547583c2003a82d5e72777ca50d05b5e038503bf9847897f336e5,7de4ec1efd0dcac249ebc99e79e1f609edbe3bb20d287f97168cc2b720f113c6,7.39
fearless5,KT,DK,92008004,4,1660,21,90,SKIRMISH,BLUE,NEXUS_DESTROYED,23,1,3,0,0,POKE_SIEGE,POKE_SIEGE,FRONT_TO_BACK,POKE_SIEGE,14a207f1fb418bb7264764cc954eb201b6c9e50982cd8720f94a4d5ed31d6b16,6898004652ee65ab32add75e223fa44e7eb707f548b17a087d25e483ff7f1968,6.813
fearless5,DK,KT,92008005,5,2540,33,110,SKIRMISH,RED,NEXUS_DESTROYED,68,5,3,1,3,POKE_SIEGE,POKE_SIEGE,POKE_SIEGE,PICK_CONTROL,0828ecff4fd5af07fd8c0b5d3878cd4efc978339c03384f5fd41e2f103226fa2,fc9f43fa41b067dccb27cadfee77517cfb03ba02f29e96ed3acad80ec9b6b8ed,6.349
