scenario,context,count,bluePower,redPower,signedEdge,absEdge,signedContribution,absContribution,p50,p90,p95,max,positive,negative,zero,clamp,participants,shareAvg,shareP50,shareP90,shareP95,shareMax,shareOverOneRate,levelContribution,itemContribution,itemRatio,levelRatio,goldContribution,sameDirection,oppositeDirection,bothNonzero,goldOnly,itemOnly,both,correlation
A,LANE_COMBAT,2194,0.827429,0.826595,0.000834,0.090980,0.000500,0.054588,0.000000,0.180000,0.360000,0.432000,0.196901,0.194166,0.608933,0,2.705561,0.093954,0.000000,0.229132,0.391420,9.227624,0.010027,-0.000197,0.000697,0.779817,0.220183,0.006415,0.978166,0.021834,0.208751,1672,0,458,0.580366
A,JUNGLE_GANK,2824,0.867541,0.869950,-0.002409,0.081651,-0.001566,0.053073,0.026000,0.162500,0.234000,0.468000,0.278329,0.274079,0.447592,0,4.729462,0.084873,0.014791,0.110118,0.233635,16.871827,0.014164,0.000157,-0.001722,0.916701,0.083299,-0.012630,0.884793,0.115207,0.307365,1942,0,868,0.572359
A,COUNTER_GANK,155,0.867538,0.870860,-0.003323,0.087581,-0.002492,0.065685,0.030000,0.225000,0.300000,0.540000,0.264516,0.238710,0.496774,0,4.645161,0.145621,0.012238,0.152835,0.292683,5.550000,0.025806,-0.000677,-0.001815,0.728155,0.271845,-0.024462,0.940000,0.060000,0.322581,99,1,50,0.663067
A,ROAM,1136,0.869429,0.867406,0.002023,0.131923,0.001416,0.092346,0.080500,0.196000,0.252000,0.633500,0.421655,0.386444,0.191901,0,3.651408,0.236469,0.040052,0.345421,0.690667,25.200000,0.036972,0.001072,0.000344,0.242930,0.757070,0.035200,0.886945,0.113055,0.654049,388,1,743,0.647605
A,GENERIC_SKIRMISH,32939,1.654656,1.660339,-0.005682,0.196908,-0.004830,0.167372,0.061200,0.518500,0.663000,3.870900,0.404870,0.405932,0.189198,0,9.643705,0.000574,0.000187,0.001670,0.002165,0.025677,0.000000,-0.000838,-0.003992,0.826443,0.173557,0.000000,0.000000,0.000000,0.000000,0,18797,0,0.000000
A,TEAMFIGHT,2230,2.328662,2.332468,-0.003806,0.291126,-0.003806,0.291126,0.184000,0.744000,0.856000,1.480000,0.454709,0.452915,0.092377,0,9.432287,0.010474,0.002327,0.006656,0.010084,9.600000,0.001345,-0.000623,-0.003182,0.836214,0.163786,-0.253596,0.904824,0.095176,0.687892,694,1,1534,0.841027
A,OBJECTIVE_FIGHT,994,1.816814,1.829519,-0.012706,0.201899,-0.012706,0.201899,0.096000,0.624000,0.744000,1.256000,0.423541,0.431590,0.144869,0,9.796781,0.017173,0.002397,0.011712,0.050000,2.400000,0.004024,-0.001907,-0.010798,0.849873,0.150127,-0.351992,0.910624,0.089376,0.596579,397,2,593,0.849877
A,LATE_GAME_SIEGE,574,2.335483,2.349510,-0.014028,0.280582,-0.014028,0.280582,0.192000,0.696000,0.835000,1.144000,0.423345,0.477352,0.099303,0,9.682927,0.003908,0.002463,0.006828,0.009754,0.177778,0.000000,-0.002983,-0.011045,0.787382,0.212618,-0.345958,0.925187,0.074813,0.698606,173,0,401,0.847374
A,BASE_DEFENSE,2206,2.745329,2.742245,0.003084,0.439913,0.003084,0.439913,0.426000,0.856000,0.952000,1.684000,0.475975,0.487307,0.036718,0,9.615594,0.004210,0.002965,0.006068,0.007933,0.968421,0.000000,0.000131,0.002953,0.957666,0.042334,-0.301668,0.959682,0.040318,0.854488,321,0,1885,0.894026
B,LANE_COMBAT,2616,0.843815,0.808742,0.035073,0.090807,0.021044,0.054484,0.000000,0.180000,0.360000,0.504000,0.233180,0.153670,0.613150,0,2.683486,0.088161,0.000000,0.110270,0.218307,7.594118,0.018349,0.000275,0.020768,0.986921,0.013079,0.415080,0.951389,0.048611,0.220183,2022,0,576,0.544971
B,JUNGLE_GANK,2844,0.884749,0.845697,0.039052,0.088299,0.025384,0.057395,0.028167,0.195000,0.234000,0.468000,0.350914,0.206751,0.442335,0,4.729958,0.050388,0.011881,0.085915,0.138478,5.946629,0.007736,0.000384,0.025000,0.984873,0.015127,0.488757,0.872690,0.127310,0.342475,1854,4,974,0.551818
B,COUNTER_GANK,186,0.859928,0.837984,0.021944,0.085797,0.016458,0.064348,0.045000,0.225000,0.270000,0.390000,0.344086,0.236559,0.419355,0,4.591398,0.217459,0.027273,0.201137,0.426567,11.498094,0.037634,-0.003065,0.019523,0.864326,0.135674,0.325829,0.903226,0.096774,0.333333,123,0,62,0.594838
B,ROAM,1378,0.887302,0.847827,0.039475,0.139144,0.027633,0.097401,0.084000,0.210000,0.266000,0.633500,0.461538,0.361393,0.177068,0,3.612482,0.224750,0.036177,0.195605,0.470909,33.432808,0.033382,0.001260,0.026373,0.954409,0.045591,0.412346,0.864984,0.135016,0.661103,462,4,911,0.644881
B,GENERIC_SKIRMISH,33425,1.710398,1.635361,0.075037,0.206710,0.063782,0.175703,0.064600,0.532100,0.673200,3.697500,0.483052,0.340194,0.176754,0,9.635064,0.000601,0.000221,0.001700,0.002165,0.033077,0.000000,0.000693,0.063089,0.989131,0.010869,0.000000,0.000000,0.000000,0.000000,0,20023,0,0.000000
B,TEAMFIGHT,2292,2.394347,2.280948,0.113399,0.293214,0.113399,0.293214,0.184000,0.760000,0.864000,1.580000,0.545375,0.363438,0.091187,0,9.435864,0.005301,0.002462,0.007442,0.011864,1.200000,0.000436,-0.000092,0.113490,0.999193,0.000807,5.201859,0.904375,0.095625,0.698080,692,0,1600,0.834246
B,OBJECTIVE_FIGHT,1050,1.900157,1.808562,0.091595,0.218563,0.091595,0.218563,0.098000,0.630000,0.784000,1.576000,0.519048,0.346667,0.134286,0,9.770476,0.007221,0.002641,0.012898,0.023326,0.629630,0.000000,0.000339,0.091256,0.996298,0.003702,3.783343,0.894659,0.105341,0.641905,374,1,674,0.854498
B,LATE_GAME_SIEGE,584,2.364275,2.258499,0.105775,0.270541,0.105775,0.270541,0.184000,0.672000,0.808000,1.184000,0.525685,0.385274,0.089041,0,9.695205,0.006318,0.002383,0.007283,0.010575,0.669388,0.000000,0.001192,0.104583,0.988733,0.011267,5.387175,0.940722,0.059278,0.664384,196,0,388,0.832986
B,BASE_DEFENSE,2097,2.831870,2.696693,0.135177,0.434456,0.135177,0.434456,0.388000,0.856000,0.976000,1.790000,0.547926,0.430138,0.021936,0,9.568431,0.003978,0.002930,0.006529,0.009334,0.188235,0.000000,0.001103,0.134073,0.991837,0.008163,5.826853,0.946749,0.053251,0.850739,313,0,1784,0.889863
B_MIRROR,LANE_COMBAT,1366,0.824524,0.866962,-0.042438,0.095220,-0.025463,0.057132,0.000000,0.180000,0.360000,0.432000,0.147877,0.251830,0.600293,0,2.670571,0.085175,0.000000,0.115878,0.202610,15.966670,0.007321,-0.000843,-0.024619,0.966879,0.033121,-0.451830,0.932927,0.067073,0.240117,1026,0,328,0.554806
B_MIRROR,JUNGLE_GANK,1402,0.835544,0.878868,-0.043324,0.088550,-0.028160,0.057557,0.039000,0.195000,0.234000,0.468000,0.213980,0.375178,0.410842,0,4.667618,0.036630,0.012556,0.085195,0.148000,1.529566,0.002853,-0.002244,-0.025917,0.920316,0.079684,-0.467802,0.895928,0.104072,0.315264,956,2,442,0.509022
B_MIRROR,COUNTER_GANK,84,0.840298,0.858393,-0.018095,0.080040,-0.013571,0.060030,0.045000,0.155000,0.270000,0.450000,0.214286,0.345238,0.440476,0,4.690476,0.070185,0.018455,0.134460,0.328862,0.937500,0.000000,-0.001071,-0.012500,0.921053,0.078947,-0.314980,0.892857,0.107143,0.333333,56,0,28,0.599916
B_MIRROR,ROAM,695,0.851748,0.880707,-0.028959,0.143314,-0.020271,0.100320,0.085167,0.210000,0.297500,0.549500,0.391367,0.463309,0.145324,0,3.618705,0.210594,0.038213,0.215833,0.398462,22.505733,0.031655,0.001350,-0.021621,0.941245,0.058755,-0.383681,0.859213,0.140787,0.694964,210,0,483,0.637711
B_MIRROR,GENERIC_SKIRMISH,16684,1.638994,1.702995,-0.064001,0.211876,-0.054401,0.180095,0.064600,0.550800,0.686800,3.952500,0.352493,0.474167,0.173340,0,9.632822,0.000614,0.000223,0.001761,0.002226,0.023274,0.000000,0.000664,-0.055064,0.988088,0.011912,0.000000,0.000000,0.000000,0.000000,0,9938,0,0.000000
B_MIRROR,TEAMFIGHT,1162,2.306538,2.393432,-0.086894,0.296145,-0.086894,0.296145,0.184000,0.766667,0.864000,1.395000,0.390706,0.517212,0.092083,0,9.416523,0.004306,0.002410,0.007399,0.010752,0.381935,0.000000,-0.000176,-0.086718,0.997980,0.002020,-4.920284,0.922424,0.077576,0.709983,336,1,825,0.829342
B_MIRROR,OBJECTIVE_FIGHT,538,1.829361,1.904738,-0.075377,0.234436,-0.075377,0.234436,0.120000,0.672000,0.808000,1.331000,0.356877,0.494424,0.148699,0,9.786245,0.006748,0.002948,0.012422,0.022807,0.272727,0.000000,0.001848,-0.077224,0.976634,0.023366,-3.279665,0.923077,0.076923,0.628253,199,0,338,0.861998
B_MIRROR,LATE_GAME_SIEGE,287,2.287657,2.378645,-0.090987,0.276674,-0.090987,0.276674,0.184000,0.672000,0.792000,1.070000,0.421603,0.498258,0.080139,0,9.693380,0.004605,0.002534,0.007434,0.010329,0.168817,0.000000,0.003275,-0.094262,0.966421,0.033579,-4.439826,0.911765,0.088235,0.710801,83,0,204,0.829732
B_MIRROR,BASE_DEFENSE,1070,2.738717,2.822009,-0.083292,0.438174,-0.083292,0.438174,0.398000,0.856000,0.936000,1.588000,0.495327,0.493458,0.011215,0,9.570093,0.003738,0.002953,0.006057,0.008198,0.099323,0.000000,0.011667,-0.094960,0.890578,0.109422,-3.869673,0.958830,0.041170,0.862617,147,0,923,0.899335
C,LANE_COMBAT,2290,0.821218,0.799782,0.021437,0.079463,0.012862,0.047678,0.000000,0.150000,0.222000,0.432000,0.205240,0.162445,0.632314,0,2.660262,0.056939,0.000000,0.141318,0.242570,7.500000,0.006987,-0.000723,0.013585,0.949460,0.050540,0.270251,0.978355,0.021645,0.201747,1790,0,462,0.543768
C,JUNGLE_GANK,2966,0.870923,0.859076,0.011846,0.080702,0.007700,0.052457,0.026000,0.160333,0.201500,0.468000,0.302090,0.245448,0.452461,0,4.703978,0.072394,0.012240,0.093964,0.171626,19.135324,0.009440,0.000158,0.007542,0.979509,0.020491,0.258904,0.864629,0.135371,0.308833,2042,2,916,0.537429
C,COUNTER_GANK,165,0.809192,0.809677,-0.000485,0.072202,-0.000364,0.054152,0.030000,0.152500,0.270000,0.495000,0.266667,0.236364,0.496970,0,4.593939,0.124074,0.011915,0.147541,0.276571,8.624303,0.012121,-0.001273,0.000909,0.416667,0.583333,0.136465,0.936170,0.063830,0.284848,115,0,47,0.584352
C,ROAM,1194,0.829245,0.794803,0.034442,0.121630,0.024109,0.085141,0.071167,0.171500,0.217000,0.633500,0.499162,0.306533,0.194305,0,3.663317,0.081782,0.034613,0.122807,0.245428,12.950000,0.006700,0.005065,0.019044,0.789900,0.210100,0.473489,0.873750,0.126250,0.670017,388,0,800,0.611358
C,GENERIC_SKIRMISH,32178,1.632253,1.620875,0.011378,0.186541,0.009671,0.158560,0.061200,0.469200,0.615400,3.455250,0.414538,0.395581,0.189881,0,9.657281,0.000539,0.000187,0.001552,0.002085,0.028144,0.000000,-0.002948,0.012619,0.810644,0.189356,0.000000,0.000000,0.000000,0.000000,0,18524,0,0.000000
C,TEAMFIGHT,2174,2.313338,2.311419,0.001919,0.268936,0.001919,0.268936,0.168000,0.688000,0.840000,1.696000,0.437443,0.463201,0.099356,0,9.454002,0.003841,0.002146,0.005796,0.007999,0.631579,0.000000,-0.006721,0.008640,0.562454,0.437546,0.783358,0.898374,0.101626,0.678933,698,0,1476,0.843202
C,OBJECTIVE_FIGHT,1047,1.796124,1.780324,0.015800,0.188794,0.015800,0.188794,0.084000,0.552000,0.712000,1.456000,0.438395,0.407832,0.153773,0,9.816619,0.009560,0.002241,0.013358,0.037377,0.923077,0.000000,-0.004109,0.019908,0.828920,0.171080,0.557039,0.894910,0.105090,0.581662,435,0,609,0.849894
C,LATE_GAME_SIEGE,592,2.273979,2.276397,-0.002418,0.270197,-0.002418,0.270197,0.184000,0.672000,0.792000,1.326667,0.437500,0.472973,0.089527,0,9.704392,0.008425,0.002518,0.006705,0.010871,2.285714,0.001689,-0.004338,0.001920,0.306820,0.693180,1.136723,0.922330,0.077670,0.695946,180,0,412,0.844111
C,BASE_DEFENSE,2059,2.699439,2.713251,-0.013812,0.414470,-0.013812,0.414470,0.388000,0.832000,0.904000,1.996000,0.443905,0.522584,0.033511,0,9.587664,0.003916,0.002897,0.005740,0.007681,0.600000,0.000000,-0.012475,-0.001337,0.096814,0.903186,-0.197105,0.954624,0.045376,0.845556,318,0,1741,0.895374
C_MIRROR,LANE_COMBAT,1132,0.804726,0.828737,-0.024011,0.084859,-0.014406,0.050915,0.000000,0.150000,0.255000,0.504000,0.157244,0.224382,0.618375,0,2.636042,0.074196,0.000000,0.172760,0.311616,1.469877,0.022968,-0.000572,-0.013834,0.960265,0.039735,-0.275640,0.966387,0.033613,0.210247,880,0,238,0.498502
C_MIRROR,JUNGLE_GANK,1408,0.843670,0.863352,-0.019683,0.078163,-0.012794,0.050806,0.026000,0.156000,0.208000,0.468000,0.225852,0.305398,0.468750,0,4.663352,0.065694,0.011428,0.093708,0.179620,5.884770,0.008523,-0.001884,-0.010910,0.852778,0.147222,-0.304912,0.881188,0.118812,0.286932,996,2,404,0.504790
C_MIRROR,COUNTER_GANK,82,0.848902,0.848089,0.000813,0.055650,0.000610,0.041738,0.000000,0.125000,0.242500,0.270000,0.182927,0.219512,0.597561,0,4.658537,0.062905,0.000000,0.149818,0.225000,1.674044,0.012195,0.000915,-0.000305,0.250000,0.750000,-0.043140,1.000000,0.000000,0.243902,60,0,20,0.551667
C_MIRROR,ROAM,608,0.805636,0.832113,-0.026478,0.118835,-0.018534,0.083184,0.070000,0.171500,0.217000,0.546000,0.328947,0.465461,0.205592,0,3.615132,0.088795,0.034222,0.129333,0.252683,3.360000,0.011513,-0.001658,-0.016876,0.910550,0.089450,-0.427481,0.867684,0.132316,0.646382,214,0,393,0.628801
C_MIRROR,GENERIC_SKIRMISH,15756,1.632702,1.643959,-0.011257,0.186714,-0.009568,0.158707,0.062900,0.455600,0.601800,4.125900,0.383029,0.429868,0.187103,0,9.641851,0.000546,0.000187,0.001493,0.002024,0.021351,0.000000,0.003388,-0.012957,0.792695,0.207305,0.000000,0.000000,0.000000,0.000000,0,9080,0,0.000000
C_MIRROR,TEAMFIGHT,1069,2.268198,2.306926,-0.038728,0.255701,-0.038728,0.255701,0.144000,0.672000,0.820000,1.591667,0.420954,0.460243,0.118803,0,9.491113,0.005396,0.002175,0.006767,0.011747,0.800000,0.000000,0.002982,-0.041710,0.933272,0.066728,-1.948251,0.887943,0.112057,0.659495,364,0,705,0.834637
C_MIRROR,OBJECTIVE_FIGHT,511,1.806652,1.821356,-0.014704,0.191748,-0.014704,0.191748,0.088000,0.552000,0.696000,1.024000,0.397260,0.459883,0.142857,0,9.816047,0.016506,0.002341,0.012387,0.041406,2.500000,0.001957,0.002755,-0.017459,0.863694,0.136306,-1.020763,0.919732,0.080268,0.585127,212,0,299,0.840565
C_MIRROR,LATE_GAME_SIEGE,274,2.266448,2.294142,-0.027695,0.271030,-0.027695,0.271030,0.184000,0.696000,0.760000,1.096000,0.430657,0.507299,0.062044,0,9.733577,0.004144,0.002536,0.007302,0.010198,0.095170,0.000000,0.003102,-0.030797,0.908487,0.091513,-1.779124,0.930481,0.069519,0.682482,87,0,187,0.818643
C_MIRROR,BASE_DEFENSE,1039,2.709767,2.700103,0.009665,0.410048,0.009665,0.410048,0.376000,0.820000,0.904000,2.504000,0.507218,0.454283,0.038499,0,9.611165,0.004725,0.002920,0.006142,0.007856,0.557576,0.000000,0.009018,0.000646,0.066888,0.933112,-0.342984,0.963345,0.036655,0.840231,166,0,873,0.886139
D,LANE_COMBAT,2320,0.818388,0.813978,0.004409,0.083039,0.002646,0.049823,0.000000,0.150000,0.360000,0.432000,0.200862,0.192241,0.606897,0,2.762069,0.079357,0.000000,0.160394,0.253064,13.089302,0.008621,-0.001893,0.004539,0.705669,0.294331,0.135463,0.935743,0.064257,0.214655,1786,2,498,0.560892
D,JUNGLE_GANK,2836,0.871638,0.862039,0.009599,0.086461,0.006239,0.056200,0.028167,0.195000,0.234000,0.468000,0.291961,0.269394,0.438646,0,4.655148,0.094826,0.013109,0.122135,0.321532,7.727222,0.019041,0.000513,0.005726,0.917718,0.082282,0.084047,0.860814,0.139186,0.329337,1888,0,934,0.563857
D,COUNTER_GANK,176,0.839034,0.845852,-0.006818,0.086307,-0.005114,0.064730,0.030000,0.225000,0.270000,0.540000,0.244318,0.289773,0.465909,0,4.670455,0.101076,0.022026,0.234450,0.387877,3.000000,0.017045,-0.003835,-0.001278,0.250000,0.750000,0.063447,0.931034,0.068966,0.329545,114,1,58,0.653775
D,ROAM,1193,0.839051,0.838730,0.000321,0.120587,0.000225,0.084411,0.057167,0.171500,0.217000,0.633500,0.389774,0.414082,0.196144,0,3.638726,0.209800,0.035136,0.272632,0.542500,29.400000,0.026823,-0.002230,0.002455,0.524008,0.475992,0.021155,0.867188,0.132813,0.643755,425,0,768,0.622911
D,GENERIC_SKIRMISH,32328,1.670377,1.633164,0.037213,0.201315,0.031631,0.171117,0.062900,0.530400,0.663000,4.615500,0.447352,0.370391,0.182257,0,9.633599,0.000589,0.000187,0.001700,0.002165,0.030990,0.000000,0.000255,0.031376,0.991939,0.008061,0.000000,0.000000,0.000000,0.000000,0,18786,0,0.000000
D,TEAMFIGHT,2320,2.361197,2.297484,0.063713,0.301802,0.063713,0.301802,0.192000,0.744000,0.862000,2.105000,0.508621,0.407759,0.083621,0,9.436638,0.009580,0.002467,0.006459,0.009847,12.000000,0.000431,0.002851,0.060862,0.955255,0.044745,2.974323,0.911965,0.088035,0.695259,706,0,1613,0.858308
D,OBJECTIVE_FIGHT,1011,1.827043,1.787453,0.039590,0.205592,0.039590,0.205592,0.096000,0.612000,0.780000,1.486000,0.460930,0.375865,0.163205,0,9.799209,0.043129,0.002268,0.010716,0.029268,24.000000,0.003956,0.001482,0.038108,0.962574,0.037426,1.699001,0.904523,0.095477,0.590504,413,1,597,0.857706
D,LATE_GAME_SIEGE,542,2.260835,2.206441,0.054394,0.265023,0.054394,0.265023,0.160000,0.696000,0.832000,1.366000,0.505535,0.396679,0.097786,0,9.690037,0.003638,0.002384,0.007482,0.010090,0.076033,0.000000,0.002140,0.052254,0.960654,0.039346,3.081587,0.912181,0.087819,0.651292,189,0,353,0.839467
D,BASE_DEFENSE,2284,2.760142,2.679989,0.080154,0.443647,0.080154,0.443647,0.430000,0.856000,0.970000,1.960000,0.541156,0.432574,0.026270,0,9.573555,0.003641,0.002986,0.005863,0.007544,0.210526,0.000000,0.003214,0.076940,0.959906,0.040094,3.453485,0.964304,0.035696,0.858581,323,0,1961,0.897549
D_MIRROR,LANE_COMBAT,1128,0.802704,0.830576,-0.027872,0.081862,-0.016723,0.049117,0.000000,0.150000,0.222000,0.432000,0.154255,0.230496,0.615248,0,2.709220,0.058636,0.000000,0.148099,0.242570,2.193669,0.012411,-0.002043,-0.014681,0.877863,0.122137,-0.188143,0.886957,0.113043,0.203901,882,0,230,0.502440
D_MIRROR,JUNGLE_GANK,1452,0.838850,0.866862,-0.028012,0.081713,-0.018208,0.053113,0.026000,0.195000,0.201500,0.468000,0.223140,0.307163,0.469697,0,4.643251,0.059728,0.010049,0.089650,0.197468,5.200000,0.012397,-0.001629,-0.016578,0.910506,0.089494,-0.156135,0.877273,0.122727,0.303030,1010,0,440,0.574271
D_MIRROR,COUNTER_GANK,64,0.763411,0.790964,-0.027552,0.085260,-0.020664,0.063945,0.045000,0.185000,0.225000,0.495000,0.281250,0.265625,0.453125,0,4.750000,0.128717,0.022993,0.319149,0.515511,2.769231,0.015625,0.000234,-0.020898,0.988909,0.011091,-0.102930,0.952381,0.047619,0.328125,41,0,21,0.592132
D_MIRROR,ROAM,601,0.847166,0.834412,0.012754,0.124800,0.008928,0.087360,0.058333,0.171500,0.252000,0.591500,0.449251,0.356073,0.194676,0,3.678869,0.218234,0.032158,0.373333,0.690667,12.950000,0.033278,0.005288,0.003640,0.407697,0.592303,0.079014,0.870000,0.130000,0.665557,199,0,400,0.648457
D_MIRROR,GENERIC_SKIRMISH,16652,1.657156,1.702032,-0.044876,0.207323,-0.038145,0.176225,0.062900,0.535500,0.676600,4.322250,0.359236,0.457603,0.183161,0,9.621307,0.000612,0.000209,0.001700,0.002195,0.018417,0.000000,-0.001673,-0.036472,0.956137,0.043863,0.000000,0.000000,0.000000,0.000000,0,9806,0,0.000000
D_MIRROR,TEAMFIGHT,1136,2.321911,2.394139,-0.072229,0.285197,-0.072229,0.285197,0.172000,0.720000,0.856000,1.636000,0.396127,0.500880,0.102993,0,9.432218,0.012793,0.002311,0.006533,0.010118,7.200000,0.001761,-0.003954,-0.068275,0.945254,0.054746,-3.038125,0.910804,0.089196,0.700704,339,0,796,0.847804
D_MIRROR,OBJECTIVE_FIGHT,556,1.823737,1.865844,-0.042107,0.201547,-0.042107,0.201547,0.096000,0.580000,0.720000,1.396000,0.359712,0.485612,0.154676,0,9.744604,0.015387,0.002392,0.011931,0.032432,2.400000,0.005396,0.000273,-0.042380,0.993591,0.006409,-1.944227,0.900000,0.100000,0.593525,226,0,330,0.844140
D_MIRROR,LATE_GAME_SIEGE,291,2.255491,2.338277,-0.082786,0.257989,-0.082786,0.257989,0.170000,0.672000,0.832000,1.332000,0.360825,0.518900,0.120275,0,9.628866,0.004690,0.002508,0.008489,0.012500,0.217647,0.000000,-0.002419,-0.080367,0.970777,0.029223,-3.001375,0.913043,0.086957,0.711340,84,0,207,0.843190
D_MIRROR,BASE_DEFENSE,1123,2.676186,2.776238,-0.100052,0.437917,-0.100052,0.437917,0.436000,0.844000,0.904000,1.594000,0.440784,0.537845,0.021371,0,9.590383,0.003993,0.003069,0.006155,0.007831,0.160535,0.000000,-0.006098,-0.093954,0.939052,0.060948,-3.476625,0.959417,0.040583,0.855744,162,0,961,0.896995
E,LANE_COMBAT,2178,0.846795,0.834812,0.011983,0.088264,0.007190,0.052959,0.000000,0.150000,0.360000,0.504000,0.210285,0.170799,0.618916,0,2.686869,0.088333,0.000000,0.177758,0.295371,9.227624,0.011019,0.001322,0.005868,0.816092,0.183908,0.060422,0.973333,0.026667,0.206612,1680,0,450,0.579469
E,JUNGLE_GANK,3186,0.852548,0.850794,0.001754,0.081511,0.001140,0.052982,0.026000,0.184167,0.234000,0.468000,0.268048,0.278092,0.453861,0,4.682360,0.064579,0.011633,0.089009,0.164009,23.400000,0.008788,-0.001975,0.003115,0.611972,0.388028,-0.054347,0.887712,0.112288,0.296296,2208,6,944,0.544489
E,COUNTER_GANK,124,0.861680,0.864919,-0.003239,0.088239,-0.002429,0.066179,0.045000,0.187500,0.270000,0.495000,0.241935,0.338710,0.419355,0,4.516129,0.110348,0.022966,0.157368,0.211973,6.250000,0.008065,-0.004597,0.002167,0.320417,0.679583,-0.034106,0.950000,0.050000,0.322581,83,0,40,0.707541
E,ROAM,1168,0.879840,0.865067,0.014773,0.134787,0.010341,0.094351,0.084000,0.200667,0.252000,0.549500,0.442637,0.377568,0.179795,0,3.659247,0.213381,0.044304,0.341967,0.631988,12.950000,0.030822,0.003524,0.006817,0.659229,0.340771,0.084307,0.869340,0.130660,0.661815,389,2,773,0.633829
E,GENERIC_SKIRMISH,33078,1.677665,1.652451,0.025215,0.199226,0.021433,0.169342,0.062900,0.523600,0.663000,4.278900,0.444646,0.373602,0.181752,0,9.636103,0.000582,0.000191,0.001683,0.002182,0.028202,0.000000,0.004118,0.017315,0.807883,0.192117,0.000000,0.000000,0.000000,0.000000,0,19132,0,0.000000
E,TEAMFIGHT,2306,2.330903,2.283190,0.047713,0.271643,0.047713,0.271643,0.162000,0.720000,0.838000,1.508000,0.501301,0.398959,0.099740,0,9.432350,0.009302,0.002164,0.006107,0.009474,9.600000,0.000434,0.007707,0.040006,0.838474,0.161526,1.652632,0.906977,0.093023,0.671292,757,1,1548,0.835356
E,OBJECTIVE_FIGHT,1005,1.854990,1.822965,0.032025,0.193158,0.032025,0.193158,0.074000,0.600000,0.774667,1.700000,0.464677,0.353234,0.182090,0,9.800000,0.015617,0.002217,0.010178,0.029557,2.400000,0.003980,0.004509,0.027516,0.859191,0.140809,1.077532,0.895189,0.104811,0.579104,422,0,582,0.852705
E,LATE_GAME_SIEGE,556,2.357980,2.305869,0.052111,0.276606,0.052111,0.276606,0.192000,0.696000,0.808000,1.184000,0.508993,0.395683,0.095324,0,9.640288,0.004275,0.002322,0.006747,0.010041,0.195918,0.000000,0.007612,0.044499,0.853936,0.146064,1.691655,0.932817,0.067183,0.696043,169,0,387,0.848120
E,BASE_DEFENSE,2127,2.770443,2.709427,0.061016,0.431805,0.061016,0.431805,0.408000,0.856000,0.940000,1.488000,0.533615,0.437236,0.029149,0,9.570287,0.003576,0.002933,0.005832,0.007451,0.205455,0.000000,0.009870,0.051146,0.838235,0.161765,2.181740,0.962348,0.037652,0.849083,321,0,1806,0.885640
E_MIRROR,LANE_COMBAT,1096,0.806359,0.809234,-0.002874,0.086834,-0.001724,0.052100,0.000000,0.150000,0.360000,0.432000,0.182482,0.200730,0.616788,0,2.671533,0.075892,0.000000,0.210793,0.326737,1.736624,0.009124,-0.001642,-0.000082,0.047619,0.952381,0.006615,0.963303,0.036697,0.198905,852,2,218,0.582112
E_MIRROR,JUNGLE_GANK,1596,0.852235,0.865564,-0.013329,0.079290,-0.008664,0.051538,0.026000,0.162500,0.234000,0.468000,0.235589,0.285714,0.478697,0,4.676692,0.066235,0.010826,0.088636,0.214949,6.109410,0.008772,-0.001727,-0.006937,0.800689,0.199311,0.019606,0.900415,0.099585,0.302005,1106,0,482,0.556943
E_MIRROR,COUNTER_GANK,74,0.841306,0.830541,0.010766,0.068919,0.008074,0.051689,0.000000,0.187500,0.225000,0.270000,0.270270,0.202703,0.527027,0,4.540541,0.123631,0.000000,0.238115,0.630682,2.571429,0.027027,0.000811,0.007264,0.899582,0.100418,-0.018750,0.850000,0.150000,0.270270,52,0,20,0.426499
E_MIRROR,ROAM,536,0.876950,0.870709,0.006241,0.128293,0.004368,0.089805,0.057167,0.210000,0.259000,0.546000,0.414179,0.395522,0.190299,0,3.686567,0.295412,0.036263,0.348933,0.769717,29.633333,0.039179,-0.000627,0.004995,0.888502,0.111498,0.025676,0.879656,0.120344,0.651119,184,1,349,0.632954
E_MIRROR,GENERIC_SKIRMISH,16287,1.640180,1.677060,-0.036880,0.201871,-0.031348,0.171590,0.061200,0.530400,0.672350,3.738300,0.360779,0.451833,0.187389,0,9.645730,0.000588,0.000191,0.001683,0.002175,0.021958,0.000000,-0.004813,-0.026535,0.846462,0.153538,0.000000,0.000000,0.000000,0.000000,0,9289,0,0.000000
E_MIRROR,TEAMFIGHT,1214,2.300268,2.361263,-0.060995,0.299276,-0.060995,0.299276,0.184000,0.732000,0.856000,1.475000,0.375618,0.531301,0.093081,0,9.442339,0.004960,0.002389,0.007196,0.010663,0.423529,0.000000,-0.011135,-0.049860,0.817443,0.182557,-2.168756,0.914894,0.085106,0.696870,368,0,846,0.836059
E_MIRROR,OBJECTIVE_FIGHT,482,1.792118,1.835070,-0.042952,0.200447,-0.042952,0.200447,0.096000,0.640000,0.736000,1.120000,0.392116,0.456432,0.151452,0,9.819502,0.016663,0.002280,0.011642,0.045122,1.333333,0.004149,-0.007154,-0.035799,0.833454,0.166546,-1.348714,0.914384,0.085616,0.605809,190,0,292,0.829442
E_MIRROR,LATE_GAME_SIEGE,249,2.324561,2.370315,-0.045754,0.271880,-0.045754,0.271880,0.168000,0.696000,0.810000,1.000000,0.377510,0.518072,0.104418,0,9.678715,0.004028,0.002612,0.007402,0.010714,0.111258,0.000000,-0.006249,-0.039505,0.863421,0.136579,-1.756104,0.923529,0.076471,0.682731,79,0,170,0.824187
E_MIRROR,BASE_DEFENSE,1105,2.711710,2.765807,-0.054097,0.425951,-0.054097,0.425951,0.392000,0.856000,0.930000,1.602667,0.440724,0.533032,0.026244,0,9.593665,0.004814,0.003005,0.006073,0.008213,0.549020,0.000000,-0.010375,-0.043722,0.808222,0.191778,-2.103882,0.952482,0.047518,0.857014,158,0,947,0.886891
F,LANE_COMBAT,2970,0.847650,0.778818,0.068832,0.097889,0.041299,0.058733,0.000000,0.180000,0.360000,0.504000,0.336700,0.088215,0.575084,0,2.769024,0.004560,0.000000,0.014439,0.023832,0.050719,0.000000,0.009552,0.031747,0.768723,0.231277,0.621936,0.977208,0.022792,0.236364,2158,0,702,0.595092
F,JUNGLE_GANK,3174,0.892451,0.820854,0.071597,0.103072,0.046538,0.066997,0.039000,0.195000,0.260000,0.468000,0.451796,0.148078,0.400126,0,4.807183,0.014032,0.004413,0.040590,0.058979,1.321262,0.000630,0.007782,0.038756,0.832783,0.167217,0.625824,0.916096,0.083904,0.367990,1988,4,1168,0.597458
F,COUNTER_GANK,205,0.938366,0.851065,0.087301,0.112894,0.065476,0.084671,0.045000,0.270000,0.315000,0.540000,0.468293,0.126829,0.404878,0,4.868293,0.010471,0.005381,0.030126,0.039083,0.065954,0.000000,0.010902,0.054573,0.833489,0.166511,0.646789,0.961039,0.038961,0.375610,125,1,77,0.673458
F,ROAM,1678,0.870050,0.818285,0.051765,0.142049,0.036235,0.099434,0.085167,0.210000,0.269500,0.633500,0.514899,0.327175,0.157926,0,3.744934,0.012784,0.009198,0.027412,0.035169,0.179406,0.000000,0.008769,0.027467,0.758006,0.241994,0.373048,0.870453,0.129547,0.671633,544,1,1127,0.652371
F,GENERIC_SKIRMISH,29467,1.647702,1.434549,0.213153,0.240654,0.181180,0.204556,0.084150,0.591600,0.727600,4.023900,0.720738,0.113042,0.166220,0,9.680456,0.000752,0.000262,0.001983,0.002869,0.033929,0.000000,0.033165,0.148015,0.816952,0.183048,0.000000,0.000000,0.000000,0.000000,0,18213,0,0.000000
F,TEAMFIGHT,1944,2.377688,2.073973,0.303716,0.340288,0.303716,0.340288,0.232000,0.834000,0.904000,1.630000,0.828189,0.096193,0.075617,0,9.511317,0.002888,0.002089,0.004717,0.006123,0.535714,0.000000,0.050776,0.252940,0.832818,0.167182,12.716924,0.948625,0.051375,0.710905,562,0,1382,0.779855
F,OBJECTIVE_FIGHT,531,1.938318,1.726965,0.211353,0.251930,0.211353,0.251930,0.122000,0.720000,0.856000,1.268000,0.715631,0.165725,0.118644,0,9.838041,0.003342,0.002155,0.006269,0.008935,0.085380,0.000000,0.033695,0.177659,0.840575,0.159425,8.045895,0.936416,0.063584,0.651601,185,0,346,0.827133
F,LATE_GAME_SIEGE,371,2.310472,2.026719,0.283753,0.309650,0.283753,0.309650,0.208000,0.748000,0.856000,1.225000,0.819407,0.072776,0.107817,0,9.725067,0.002767,0.002013,0.005362,0.006982,0.075556,0.000000,0.048798,0.234955,0.828027,0.171973,11.954420,0.984496,0.015504,0.695418,113,0,258,0.754483
F,BASE_DEFENSE,1835,2.739987,2.279476,0.460512,0.506505,0.460512,0.506505,0.512000,0.902000,1.028000,1.650000,0.900817,0.079019,0.020163,0,9.660490,0.003223,0.002928,0.005032,0.006141,0.191549,0.000000,0.069042,0.391470,0.850075,0.149925,16.518866,0.973734,0.026266,0.871390,236,0,1599,0.815722
F_MIRROR,LANE_COMBAT,1466,0.767046,0.842115,-0.075068,0.101862,-0.045041,0.061117,0.000000,0.180000,0.360000,0.432000,0.081855,0.342428,0.575716,0,2.766712,0.004688,0.000000,0.014629,0.024673,0.033832,0.000000,-0.011296,-0.033745,0.749205,0.250795,-0.617889,0.967742,0.032258,0.253752,1058,0,372,0.613735
F_MIRROR,JUNGLE_GANK,1640,0.833236,0.916022,-0.082787,0.105234,-0.053811,0.068402,0.039000,0.201500,0.260000,0.468000,0.100000,0.492683,0.407317,0,4.770732,0.012588,0.004489,0.032736,0.051504,0.456683,0.000000,-0.010987,-0.042825,0.795831,0.204169,-0.705432,0.955272,0.044728,0.381707,998,2,626,0.605905
F_MIRROR,COUNTER_GANK,92,0.841739,0.937373,-0.095634,0.117228,-0.071726,0.087921,0.045000,0.270000,0.362500,0.540000,0.097826,0.467391,0.434783,0,4.673913,0.010784,0.005564,0.030700,0.052709,0.059474,0.000000,-0.013370,-0.058356,0.813601,0.186399,-0.692301,1.000000,0.000000,0.391304,55,0,36,0.678512
F_MIRROR,ROAM,806,0.844870,0.882107,-0.037237,0.141791,-0.026066,0.099254,0.086333,0.210000,0.252000,0.549500,0.375931,0.491315,0.132754,0,3.655087,0.012827,0.009669,0.026571,0.035104,0.090935,0.000000,-0.004325,-0.021741,0.834074,0.165926,-0.264645,0.864312,0.135688,0.667494,264,0,538,0.634764
F_MIRROR,GENERIC_SKIRMISH,14806,1.436946,1.636742,-0.199797,0.227606,-0.169827,0.193465,0.085000,0.571200,0.707200,3.483300,0.117587,0.710185,0.172227,0,9.696069,0.000715,0.000262,0.001884,0.002707,0.030901,0.000000,-0.029635,-0.140192,0.825500,0.174500,0.000000,0.000000,0.000000,0.000000,0,9076,0,0.000000
F_MIRROR,TEAMFIGHT,936,2.070916,2.404728,-0.333813,0.358680,-0.333813,0.358680,0.264000,0.856000,0.920000,1.520000,0.065171,0.871795,0.063034,0,9.492521,0.003415,0.002308,0.004985,0.005977,0.571429,0.000000,-0.053453,-0.280360,0.839871,0.160129,-13.087350,0.969914,0.030086,0.745726,238,0,698,0.775741
F_MIRROR,OBJECTIVE_FIGHT,251,1.721756,1.910713,-0.188958,0.249260,-0.188958,0.249260,0.120000,0.696000,0.880000,1.233333,0.183267,0.685259,0.131474,0,9.828685,0.004024,0.002206,0.006613,0.008794,0.256962,0.000000,-0.026494,-0.162463,0.859788,0.140212,-7.215179,0.906250,0.093750,0.637450,90,1,160,0.847526
F_MIRROR,LATE_GAME_SIEGE,205,2.075932,2.332405,-0.256473,0.292951,-0.256473,0.292951,0.256000,0.672000,0.760000,0.960000,0.097561,0.843902,0.058537,0,9.731707,0.003008,0.002255,0.004675,0.006077,0.115663,0.000000,-0.037424,-0.219049,0.854081,0.145919,-11.060683,0.966887,0.033113,0.736585,54,0,151,0.729639
F_MIRROR,BASE_DEFENSE,853,2.320329,2.777527,-0.457198,0.515361,-0.457198,0.515361,0.528000,0.898000,1.036000,1.665000,0.085580,0.902696,0.011723,0,9.656506,0.003192,0.003066,0.005331,0.006419,0.026908,0.000000,-0.069320,-0.387878,0.848381,0.151619,-16.351043,0.981555,0.018445,0.889801,94,0,759,0.822875
G,LANE_COMBAT,2194,0.827429,0.826595,0.000834,0.090980,0.000500,0.054588,0.000000,0.180000,0.360000,0.432000,0.196901,0.194166,0.608933,0,2.705561,0.093954,0.000000,0.229132,0.391420,9.227624,0.010027,-0.000197,0.000697,0.779817,0.220183,0.006415,0.978166,0.021834,0.208751,1672,0,458,0.580366
G,JUNGLE_GANK,2824,0.867541,0.869950,-0.002409,0.081651,-0.001566,0.053073,0.026000,0.162500,0.234000,0.468000,0.278329,0.274079,0.447592,0,4.729462,0.084873,0.014791,0.110118,0.233635,16.871827,0.014164,0.000157,-0.001722,0.916701,0.083299,-0.012630,0.884793,0.115207,0.307365,1942,0,868,0.572359
G,COUNTER_GANK,155,0.867538,0.870860,-0.003323,0.087581,-0.002492,0.065685,0.030000,0.225000,0.300000,0.540000,0.264516,0.238710,0.496774,0,4.645161,0.145621,0.012238,0.152835,0.292683,5.550000,0.025806,-0.000677,-0.001815,0.728155,0.271845,-0.024462,0.940000,0.060000,0.322581,99,1,50,0.663067
G,ROAM,1136,0.869429,0.867406,0.002023,0.131923,0.001416,0.092346,0.080500,0.196000,0.252000,0.633500,0.421655,0.386444,0.191901,0,3.651408,0.236469,0.040052,0.345421,0.690667,25.200000,0.036972,0.001072,0.000344,0.242930,0.757070,0.035200,0.886945,0.113055,0.654049,388,1,743,0.647605
G,GENERIC_SKIRMISH,32939,1.654656,1.660339,-0.005682,0.196908,-0.004830,0.167372,0.061200,0.518500,0.663000,3.870900,0.404870,0.405932,0.189198,0,9.643705,0.000574,0.000187,0.001670,0.002165,0.025677,0.000000,-0.000838,-0.003992,0.826443,0.173557,0.000000,0.000000,0.000000,0.000000,0,18797,0,0.000000
G,TEAMFIGHT,2230,2.328662,2.332468,-0.003806,0.291126,-0.003806,0.291126,0.184000,0.744000,0.856000,1.480000,0.454709,0.452915,0.092377,0,9.432287,0.010474,0.002327,0.006656,0.010084,9.600000,0.001345,-0.000623,-0.003182,0.836214,0.163786,-0.253596,0.904824,0.095176,0.687892,694,1,1534,0.841027
G,OBJECTIVE_FIGHT,994,1.816814,1.829519,-0.012706,0.201899,-0.012706,0.201899,0.096000,0.624000,0.744000,1.256000,0.423541,0.431590,0.144869,0,9.796781,0.017173,0.002397,0.011712,0.050000,2.400000,0.004024,-0.001907,-0.010798,0.849873,0.150127,-0.351992,0.910624,0.089376,0.596579,397,2,593,0.849877
G,LATE_GAME_SIEGE,574,2.335483,2.349510,-0.014028,0.280582,-0.014028,0.280582,0.192000,0.696000,0.835000,1.144000,0.423345,0.477352,0.099303,0,9.682927,0.003908,0.002463,0.006828,0.009754,0.177778,0.000000,-0.002983,-0.011045,0.787382,0.212618,-0.345958,0.925187,0.074813,0.698606,173,0,401,0.847374
G,BASE_DEFENSE,2206,2.745329,2.742245,0.003084,0.439913,0.003084,0.439913,0.426000,0.856000,0.952000,1.684000,0.475975,0.487307,0.036718,0,9.615594,0.004210,0.002965,0.006068,0.007933,0.968421,0.000000,0.000131,0.002953,0.957666,0.042334,-0.301668,0.959682,0.040318,0.854488,321,0,1885,0.894026
